

  CREATE TABLE "ASSIGNMENT" 
   (	"배정일" DATE, 
	"알바생번호" VARCHAR2(8 BYTE), 
	"지점코드" VARCHAR2(8 BYTE), 
	"호실번호" NUMBER(38,0)
   );


  CREATE TABLE "BRANCH" 
   (	"지점코드" VARCHAR2(8 BYTE), 
	"지점명" VARCHAR2(15 BYTE), 
	"주소" VARCHAR2(50 BYTE), 
	"전화번호" VARCHAR2(13 BYTE), 
	"관리자번호" NUMBER(5,0)
   );


  CREATE TABLE "MANAGER"
   (	"관리자번호" NUMBER(5,0), 
	"이름" VARCHAR2(12 BYTE), 
	"전화번호" VARCHAR2(13 BYTE), 
	"주소" VARCHAR2(200 BYTE)
   );

  CREATE TABLE "PARTTIMER"
   (	"알바생번호" VARCHAR2(8 BYTE), 
	"이름" VARCHAR2(12 BYTE), 
	"전화번호" VARCHAR2(13 BYTE), 
	"주소" VARCHAR2(100 BYTE), 
	"계좌번호" VARCHAR2(20 BYTE), 
	"멘토알바생번호" VARCHAR2(8 BYTE)
   );

  CREATE TABLE "ROOM" 
   (	"지점코드" VARCHAR2(8 BYTE), 
	"호실번호" NUMBER(38,0), 
	"전화번호" VARCHAR2(10 BYTE)
   );

  CREATE TABLE "SALARY" 
   (	"급여일자" DATE, 
	"금액" NUMBER(38,0) DEFAULT 0, 
	"알바생번호" VARCHAR2(13 BYTE), 
	"지급여부" VARCHAR2(1 BYTE)
   );

  CREATE TABLE "WORKRECORD"
   (	"근무날짜" DATE, 
	"출근시간" TIMESTAMP (6), 
	"퇴근시간" TIMESTAMP (6), 
	"총근무시간" FLOAT(126), 
	"알바생번호" VARCHAR2(8 BYTE)
   );

Insert into ASSIGNMENT ("배정일","알바생번호","지점코드","호실번호") values (to_date('23/03/10','RR/MM/DD'),'00000022','132',1002);
Insert into ASSIGNMENT ("배정일","알바생번호","지점코드","호실번호") values (to_date('23/03/10','RR/MM/DD'),'00000046','132',1002);
Insert into ASSIGNMENT ("배정일","알바생번호","지점코드","호실번호") values (to_date('23/03/11','RR/MM/DD'),'00000047','116',1003);
Insert into ASSIGNMENT ("배정일","알바생번호","지점코드","호실번호") values (to_date('23/03/12','RR/MM/DD'),'00000011','132',1002);
Insert into ASSIGNMENT ("배정일","알바생번호","지점코드","호실번호") values (to_date('23/03/12','RR/MM/DD'),'00000043','132',1002);
Insert into ASSIGNMENT ("배정일","알바생번호","지점코드","호실번호") values (to_date('23/03/13','RR/MM/DD'),'00000020','132',1002);
Insert into ASSIGNMENT ("배정일","알바생번호","지점코드","호실번호") values (to_date('23/03/13','RR/MM/DD'),'00000038','132',1002);
Insert into ASSIGNMENT ("배정일","알바생번호","지점코드","호실번호") values (to_date('23/03/14','RR/MM/DD'),'00000001','132',1002);
Insert into ASSIGNMENT ("배정일","알바생번호","지점코드","호실번호") values (to_date('23/03/14','RR/MM/DD'),'00000011','132',1002);
Insert into ASSIGNMENT ("배정일","알바생번호","지점코드","호실번호") values (to_date('23/03/15','RR/MM/DD'),'00000030','132',1002);
Insert into ASSIGNMENT ("배정일","알바생번호","지점코드","호실번호") values (to_date('23/03/15','RR/MM/DD'),'00000033','132',1002);
Insert into ASSIGNMENT ("배정일","알바생번호","지점코드","호실번호") values (to_date('23/03/16','RR/MM/DD'),'00000001','132',1002);
Insert into ASSIGNMENT ("배정일","알바생번호","지점코드","호실번호") values (to_date('23/03/16','RR/MM/DD'),'00000002','132',1002);
Insert into ASSIGNMENT ("배정일","알바생번호","지점코드","호실번호") values (to_date('23/03/17','RR/MM/DD'),'00000024','132',1002);
Insert into ASSIGNMENT ("배정일","알바생번호","지점코드","호실번호") values (to_date('23/03/17','RR/MM/DD'),'00000045','132',1002);
Insert into ASSIGNMENT ("배정일","알바생번호","지점코드","호실번호") values (to_date('23/03/18','RR/MM/DD'),'00000029','132',1002);
Insert into ASSIGNMENT ("배정일","알바생번호","지점코드","호실번호") values (to_date('23/03/18','RR/MM/DD'),'00000037','132',1002);
Insert into ASSIGNMENT ("배정일","알바생번호","지점코드","호실번호") values (to_date('23/03/19','RR/MM/DD'),'00000001','132',1002);
Insert into ASSIGNMENT ("배정일","알바생번호","지점코드","호실번호") values (to_date('23/03/19','RR/MM/DD'),'00000037','132',1002);
Insert into ASSIGNMENT ("배정일","알바생번호","지점코드","호실번호") values (to_date('23/03/20','RR/MM/DD'),'00000039','114',1001);
Insert into ASSIGNMENT ("배정일","알바생번호","지점코드","호실번호") values (to_date('23/03/21','RR/MM/DD'),'00000003','132',1002);
Insert into ASSIGNMENT ("배정일","알바생번호","지점코드","호실번호") values (to_date('23/03/21','RR/MM/DD'),'00000031','132',1002);
Insert into ASSIGNMENT ("배정일","알바생번호","지점코드","호실번호") values (to_date('23/03/22','RR/MM/DD'),'00000006','132',1002);
Insert into ASSIGNMENT ("배정일","알바생번호","지점코드","호실번호") values (to_date('23/03/22','RR/MM/DD'),'00000014','132',1002);
Insert into ASSIGNMENT ("배정일","알바생번호","지점코드","호실번호") values (to_date('23/03/23','RR/MM/DD'),'00000003','132',1002);
Insert into ASSIGNMENT ("배정일","알바생번호","지점코드","호실번호") values (to_date('23/03/23','RR/MM/DD'),'00000046','132',1002);
Insert into ASSIGNMENT ("배정일","알바생번호","지점코드","호실번호") values (to_date('23/03/24','RR/MM/DD'),'00000005','132',1002);
Insert into ASSIGNMENT ("배정일","알바생번호","지점코드","호실번호") values (to_date('23/03/24','RR/MM/DD'),'00000045','132',1002);
Insert into ASSIGNMENT ("배정일","알바생번호","지점코드","호실번호") values (to_date('23/03/25','RR/MM/DD'),'00000026','123',1003);
Insert into ASSIGNMENT ("배정일","알바생번호","지점코드","호실번호") values (to_date('23/03/25','RR/MM/DD'),'00000037','123',1003);
Insert into ASSIGNMENT ("배정일","알바생번호","지점코드","호실번호") values (to_date('23/03/26','RR/MM/DD'),'00000025','123',1003);
Insert into ASSIGNMENT ("배정일","알바생번호","지점코드","호실번호") values (to_date('23/03/26','RR/MM/DD'),'00000050','123',1003);
Insert into ASSIGNMENT ("배정일","알바생번호","지점코드","호실번호") values (to_date('23/03/27','RR/MM/DD'),'00000024','123',1003);
Insert into ASSIGNMENT ("배정일","알바생번호","지점코드","호실번호") values (to_date('23/03/27','RR/MM/DD'),'00000048','123',1003);
Insert into ASSIGNMENT ("배정일","알바생번호","지점코드","호실번호") values (to_date('23/03/28','RR/MM/DD'),'00000014','123',1003);
Insert into ASSIGNMENT ("배정일","알바생번호","지점코드","호실번호") values (to_date('23/03/28','RR/MM/DD'),'00000047','123',1003);
Insert into ASSIGNMENT ("배정일","알바생번호","지점코드","호실번호") values (to_date('23/03/29','RR/MM/DD'),'00000010','123',1003);
Insert into ASSIGNMENT ("배정일","알바생번호","지점코드","호실번호") values (to_date('23/03/29','RR/MM/DD'),'00000022','123',1003);
Insert into ASSIGNMENT ("배정일","알바생번호","지점코드","호실번호") values (to_date('23/03/30','RR/MM/DD'),'00000005','123',1003);
Insert into ASSIGNMENT ("배정일","알바생번호","지점코드","호실번호") values (to_date('23/03/30','RR/MM/DD'),'00000030','123',1003);
Insert into ASSIGNMENT ("배정일","알바생번호","지점코드","호실번호") values (to_date('23/03/31','RR/MM/DD'),'00000015','123',1003);
Insert into ASSIGNMENT ("배정일","알바생번호","지점코드","호실번호") values (to_date('23/03/31','RR/MM/DD'),'00000034','123',1003);
Insert into ASSIGNMENT ("배정일","알바생번호","지점코드","호실번호") values (to_date('23/04/01','RR/MM/DD'),'00000013','105',1002);
Insert into ASSIGNMENT ("배정일","알바생번호","지점코드","호실번호") values (to_date('23/04/02','RR/MM/DD'),'00000020','123',1003);
Insert into ASSIGNMENT ("배정일","알바생번호","지점코드","호실번호") values (to_date('23/04/02','RR/MM/DD'),'00000021','123',1003);
Insert into ASSIGNMENT ("배정일","알바생번호","지점코드","호실번호") values (to_date('23/04/03','RR/MM/DD'),'00000029','123',1003);
Insert into ASSIGNMENT ("배정일","알바생번호","지점코드","호실번호") values (to_date('23/04/03','RR/MM/DD'),'00000035','123',1003);
Insert into ASSIGNMENT ("배정일","알바생번호","지점코드","호실번호") values (to_date('23/04/04','RR/MM/DD'),'00000012','123',1003);
Insert into ASSIGNMENT ("배정일","알바생번호","지점코드","호실번호") values (to_date('23/04/04','RR/MM/DD'),'00000013','123',1003);
Insert into ASSIGNMENT ("배정일","알바생번호","지점코드","호실번호") values (to_date('23/04/05','RR/MM/DD'),'00000013','123',1003);
Insert into ASSIGNMENT ("배정일","알바생번호","지점코드","호실번호") values (to_date('23/04/05','RR/MM/DD'),'00000048','123',1003);
Insert into ASSIGNMENT ("배정일","알바생번호","지점코드","호실번호") values (to_date('23/04/06','RR/MM/DD'),'00000003','123',1003);
Insert into ASSIGNMENT ("배정일","알바생번호","지점코드","호실번호") values (to_date('23/04/06','RR/MM/DD'),'00000049','123',1003);
Insert into ASSIGNMENT ("배정일","알바생번호","지점코드","호실번호") values (to_date('23/04/07','RR/MM/DD'),'00000018','123',1003);
Insert into ASSIGNMENT ("배정일","알바생번호","지점코드","호실번호") values (to_date('23/04/07','RR/MM/DD'),'00000030','123',1003);
Insert into ASSIGNMENT ("배정일","알바생번호","지점코드","호실번호") values (to_date('23/04/08','RR/MM/DD'),'00000022','123',1003);
Insert into ASSIGNMENT ("배정일","알바생번호","지점코드","호실번호") values (to_date('23/04/08','RR/MM/DD'),'00000024','123',1003);
Insert into ASSIGNMENT ("배정일","알바생번호","지점코드","호실번호") values (to_date('23/04/09','RR/MM/DD'),'00000007','123',1003);
Insert into ASSIGNMENT ("배정일","알바생번호","지점코드","호실번호") values (to_date('23/04/09','RR/MM/DD'),'00000018','123',1003);
Insert into ASSIGNMENT ("배정일","알바생번호","지점코드","호실번호") values (to_date('23/04/10','RR/MM/DD'),'00000003','123',1003);
Insert into ASSIGNMENT ("배정일","알바생번호","지점코드","호실번호") values (to_date('23/04/10','RR/MM/DD'),'00000014','123',1003);
Insert into ASSIGNMENT ("배정일","알바생번호","지점코드","호실번호") values (to_date('23/04/11','RR/MM/DD'),'00000014','123',1003);
Insert into ASSIGNMENT ("배정일","알바생번호","지점코드","호실번호") values (to_date('23/04/11','RR/MM/DD'),'00000040','123',1003);
Insert into ASSIGNMENT ("배정일","알바생번호","지점코드","호실번호") values (to_date('23/04/12','RR/MM/DD'),'00000022','123',1003);
Insert into ASSIGNMENT ("배정일","알바생번호","지점코드","호실번호") values (to_date('23/04/12','RR/MM/DD'),'00000024','123',1003);
Insert into ASSIGNMENT ("배정일","알바생번호","지점코드","호실번호") values (to_date('23/04/13','RR/MM/DD'),'00000000','123',1003);
Insert into ASSIGNMENT ("배정일","알바생번호","지점코드","호실번호") values (to_date('23/04/13','RR/MM/DD'),'00000002','123',1003);
Insert into ASSIGNMENT ("배정일","알바생번호","지점코드","호실번호") values (to_date('23/04/14','RR/MM/DD'),'00000012','123',1003);
Insert into ASSIGNMENT ("배정일","알바생번호","지점코드","호실번호") values (to_date('23/04/14','RR/MM/DD'),'00000042','123',1003);
Insert into ASSIGNMENT ("배정일","알바생번호","지점코드","호실번호") values (to_date('23/04/15','RR/MM/DD'),'00000017','123',1003);
Insert into ASSIGNMENT ("배정일","알바생번호","지점코드","호실번호") values (to_date('23/04/15','RR/MM/DD'),'00000031','123',1003);
Insert into ASSIGNMENT ("배정일","알바생번호","지점코드","호실번호") values (to_date('23/04/16','RR/MM/DD'),'00000002','119',1001);
Insert into ASSIGNMENT ("배정일","알바생번호","지점코드","호실번호") values (to_date('23/04/16','RR/MM/DD'),'00000019','119',1001);
Insert into ASSIGNMENT ("배정일","알바생번호","지점코드","호실번호") values (to_date('23/04/17','RR/MM/DD'),'00000020','119',1001);
Insert into ASSIGNMENT ("배정일","알바생번호","지점코드","호실번호") values (to_date('23/04/17','RR/MM/DD'),'00000049','119',1001);
Insert into ASSIGNMENT ("배정일","알바생번호","지점코드","호실번호") values (to_date('23/04/18','RR/MM/DD'),'00000006','119',1001);
Insert into ASSIGNMENT ("배정일","알바생번호","지점코드","호실번호") values (to_date('23/04/18','RR/MM/DD'),'00000040','119',1001);
Insert into ASSIGNMENT ("배정일","알바생번호","지점코드","호실번호") values (to_date('23/04/19','RR/MM/DD'),'00000000','119',1001);
Insert into ASSIGNMENT ("배정일","알바생번호","지점코드","호실번호") values (to_date('23/04/19','RR/MM/DD'),'00000051','119',1001);
Insert into ASSIGNMENT ("배정일","알바생번호","지점코드","호실번호") values (to_date('23/04/20','RR/MM/DD'),'00000033','119',1001);
Insert into ASSIGNMENT ("배정일","알바생번호","지점코드","호실번호") values (to_date('23/04/20','RR/MM/DD'),'00000048','119',1001);
Insert into ASSIGNMENT ("배정일","알바생번호","지점코드","호실번호") values (to_date('23/04/21','RR/MM/DD'),'00000020','119',1001);
Insert into ASSIGNMENT ("배정일","알바생번호","지점코드","호실번호") values (to_date('23/04/21','RR/MM/DD'),'00000043','119',1001);
Insert into ASSIGNMENT ("배정일","알바생번호","지점코드","호실번호") values (to_date('23/04/22','RR/MM/DD'),'00000033','119',1001);
Insert into ASSIGNMENT ("배정일","알바생번호","지점코드","호실번호") values (to_date('23/04/22','RR/MM/DD'),'00000037','119',1001);
Insert into ASSIGNMENT ("배정일","알바생번호","지점코드","호실번호") values (to_date('23/04/23','RR/MM/DD'),'00000040','119',1001);
Insert into ASSIGNMENT ("배정일","알바생번호","지점코드","호실번호") values (to_date('23/04/23','RR/MM/DD'),'00000044','119',1001);
Insert into ASSIGNMENT ("배정일","알바생번호","지점코드","호실번호") values (to_date('23/04/24','RR/MM/DD'),'00000012','119',1001);
Insert into ASSIGNMENT ("배정일","알바생번호","지점코드","호실번호") values (to_date('23/04/24','RR/MM/DD'),'00000033','119',1001);
Insert into ASSIGNMENT ("배정일","알바생번호","지점코드","호실번호") values (to_date('23/04/25','RR/MM/DD'),'00000009','119',1001);
Insert into ASSIGNMENT ("배정일","알바생번호","지점코드","호실번호") values (to_date('23/04/25','RR/MM/DD'),'00000035','119',1001);
Insert into ASSIGNMENT ("배정일","알바생번호","지점코드","호실번호") values (to_date('23/04/26','RR/MM/DD'),'00000029','119',1001);
Insert into ASSIGNMENT ("배정일","알바생번호","지점코드","호실번호") values (to_date('23/04/26','RR/MM/DD'),'00000048','119',1001);
Insert into ASSIGNMENT ("배정일","알바생번호","지점코드","호실번호") values (to_date('23/04/27','RR/MM/DD'),'00000006','125',1002);
Insert into ASSIGNMENT ("배정일","알바생번호","지점코드","호실번호") values (to_date('23/04/27','RR/MM/DD'),'00000041','125',1002);
Insert into ASSIGNMENT ("배정일","알바생번호","지점코드","호실번호") values (to_date('23/04/28','RR/MM/DD'),'00000013','125',1002);
Insert into ASSIGNMENT ("배정일","알바생번호","지점코드","호실번호") values (to_date('23/04/28','RR/MM/DD'),'00000017','125',1002);
Insert into ASSIGNMENT ("배정일","알바생번호","지점코드","호실번호") values (to_date('23/04/29','RR/MM/DD'),'00000017','125',1002);
Insert into ASSIGNMENT ("배정일","알바생번호","지점코드","호실번호") values (to_date('23/04/29','RR/MM/DD'),'00000037','125',1002);
Insert into ASSIGNMENT ("배정일","알바생번호","지점코드","호실번호") values (to_date('23/04/30','RR/MM/DD'),'00000039','125',1002);
Insert into ASSIGNMENT ("배정일","알바생번호","지점코드","호실번호") values (to_date('23/04/30','RR/MM/DD'),'00000043','125',1002);
Insert into ASSIGNMENT ("배정일","알바생번호","지점코드","호실번호") values (to_date('23/05/01','RR/MM/DD'),'00000035','125',1002);
Insert into ASSIGNMENT ("배정일","알바생번호","지점코드","호실번호") values (to_date('23/05/01','RR/MM/DD'),'00000039','125',1002);
Insert into ASSIGNMENT ("배정일","알바생번호","지점코드","호실번호") values (to_date('23/05/02','RR/MM/DD'),'00000009','125',1002);
Insert into ASSIGNMENT ("배정일","알바생번호","지점코드","호실번호") values (to_date('23/05/02','RR/MM/DD'),'00000030','125',1002);
Insert into ASSIGNMENT ("배정일","알바생번호","지점코드","호실번호") values (to_date('23/05/03','RR/MM/DD'),'00000037','125',1002);
Insert into ASSIGNMENT ("배정일","알바생번호","지점코드","호실번호") values (to_date('23/05/03','RR/MM/DD'),'00000043','125',1002);
Insert into ASSIGNMENT ("배정일","알바생번호","지점코드","호실번호") values (to_date('23/05/04','RR/MM/DD'),'00000011','125',1002);
Insert into ASSIGNMENT ("배정일","알바생번호","지점코드","호실번호") values (to_date('23/05/04','RR/MM/DD'),'00000021','125',1002);
Insert into ASSIGNMENT ("배정일","알바생번호","지점코드","호실번호") values (to_date('23/05/05','RR/MM/DD'),'00000008','125',1002);
Insert into ASSIGNMENT ("배정일","알바생번호","지점코드","호실번호") values (to_date('23/05/05','RR/MM/DD'),'00000010','125',1002);
Insert into ASSIGNMENT ("배정일","알바생번호","지점코드","호실번호") values (to_date('23/05/06','RR/MM/DD'),'00000001','125',1002);
Insert into ASSIGNMENT ("배정일","알바생번호","지점코드","호실번호") values (to_date('23/05/06','RR/MM/DD'),'00000049','125',1002);
Insert into ASSIGNMENT ("배정일","알바생번호","지점코드","호실번호") values (to_date('23/05/07','RR/MM/DD'),'00000000','125',1002);
Insert into ASSIGNMENT ("배정일","알바생번호","지점코드","호실번호") values (to_date('23/05/07','RR/MM/DD'),'00000016','125',1002);
Insert into ASSIGNMENT ("배정일","알바생번호","지점코드","호실번호") values (to_date('23/05/08','RR/MM/DD'),'00000000','125',1002);
Insert into ASSIGNMENT ("배정일","알바생번호","지점코드","호실번호") values (to_date('23/05/08','RR/MM/DD'),'00000047','125',1002);
Insert into ASSIGNMENT ("배정일","알바생번호","지점코드","호실번호") values (to_date('23/05/09','RR/MM/DD'),'00000006','125',1002);
Insert into ASSIGNMENT ("배정일","알바생번호","지점코드","호실번호") values (to_date('23/05/09','RR/MM/DD'),'00000047','125',1002);
Insert into ASSIGNMENT ("배정일","알바생번호","지점코드","호실번호") values (to_date('23/05/10','RR/MM/DD'),'00000017','125',1002);
Insert into ASSIGNMENT ("배정일","알바생번호","지점코드","호실번호") values (to_date('23/05/10','RR/MM/DD'),'00000031','125',1002);
Insert into ASSIGNMENT ("배정일","알바생번호","지점코드","호실번호") values (to_date('23/05/11','RR/MM/DD'),'00000014','125',1002);
Insert into ASSIGNMENT ("배정일","알바생번호","지점코드","호실번호") values (to_date('23/05/11','RR/MM/DD'),'00000029','125',1002);
Insert into ASSIGNMENT ("배정일","알바생번호","지점코드","호실번호") values (to_date('23/05/12','RR/MM/DD'),'00000018','101',1001);
Insert into ASSIGNMENT ("배정일","알바생번호","지점코드","호실번호") values (to_date('23/05/12','RR/MM/DD'),'00000040','101',1001);
Insert into ASSIGNMENT ("배정일","알바생번호","지점코드","호실번호") values (to_date('23/05/13','RR/MM/DD'),'00000009','101',1001);
Insert into ASSIGNMENT ("배정일","알바생번호","지점코드","호실번호") values (to_date('23/05/13','RR/MM/DD'),'00000014','101',1001);
Insert into ASSIGNMENT ("배정일","알바생번호","지점코드","호실번호") values (to_date('23/05/14','RR/MM/DD'),'00000008','101',1001);
Insert into ASSIGNMENT ("배정일","알바생번호","지점코드","호실번호") values (to_date('23/05/14','RR/MM/DD'),'00000024','101',1001);
Insert into ASSIGNMENT ("배정일","알바생번호","지점코드","호실번호") values (to_date('23/05/15','RR/MM/DD'),'00000005','101',1001);
Insert into ASSIGNMENT ("배정일","알바생번호","지점코드","호실번호") values (to_date('23/05/15','RR/MM/DD'),'00000035','101',1001);
Insert into ASSIGNMENT ("배정일","알바생번호","지점코드","호실번호") values (to_date('23/05/16','RR/MM/DD'),'00000004','101',1001);
Insert into ASSIGNMENT ("배정일","알바생번호","지점코드","호실번호") values (to_date('23/05/16','RR/MM/DD'),'00000012','101',1001);
Insert into ASSIGNMENT ("배정일","알바생번호","지점코드","호실번호") values (to_date('23/05/17','RR/MM/DD'),'00000020','101',1001);
Insert into ASSIGNMENT ("배정일","알바생번호","지점코드","호실번호") values (to_date('23/05/17','RR/MM/DD'),'00000022','101',1001);
Insert into ASSIGNMENT ("배정일","알바생번호","지점코드","호실번호") values (to_date('23/05/18','RR/MM/DD'),'00000003','101',1001);
Insert into ASSIGNMENT ("배정일","알바생번호","지점코드","호실번호") values (to_date('23/05/18','RR/MM/DD'),'00000006','101',1001);
Insert into ASSIGNMENT ("배정일","알바생번호","지점코드","호실번호") values (to_date('23/05/19','RR/MM/DD'),'00000004','134',1003);
Insert into ASSIGNMENT ("배정일","알바생번호","지점코드","호실번호") values (to_date('23/05/19','RR/MM/DD'),'00000047','134',1003);
Insert into ASSIGNMENT ("배정일","알바생번호","지점코드","호실번호") values (to_date('23/05/20','RR/MM/DD'),'00000039','134',1003);
Insert into ASSIGNMENT ("배정일","알바생번호","지점코드","호실번호") values (to_date('23/05/20','RR/MM/DD'),'00000040','134',1003);
Insert into ASSIGNMENT ("배정일","알바생번호","지점코드","호실번호") values (to_date('23/05/21','RR/MM/DD'),'00000015','134',1003);
Insert into ASSIGNMENT ("배정일","알바생번호","지점코드","호실번호") values (to_date('23/05/21','RR/MM/DD'),'00000037','134',1003);
Insert into ASSIGNMENT ("배정일","알바생번호","지점코드","호실번호") values (to_date('23/05/22','RR/MM/DD'),'00000010','134',1003);
Insert into ASSIGNMENT ("배정일","알바생번호","지점코드","호실번호") values (to_date('23/05/22','RR/MM/DD'),'00000028','134',1003);
Insert into ASSIGNMENT ("배정일","알바생번호","지점코드","호실번호") values (to_date('23/05/23','RR/MM/DD'),'00000034','134',1003);
Insert into ASSIGNMENT ("배정일","알바생번호","지점코드","호실번호") values (to_date('23/05/23','RR/MM/DD'),'00000049','134',1003);
Insert into ASSIGNMENT ("배정일","알바생번호","지점코드","호실번호") values (to_date('23/05/24','RR/MM/DD'),'00000013','134',1003);
Insert into ASSIGNMENT ("배정일","알바생번호","지점코드","호실번호") values (to_date('23/05/24','RR/MM/DD'),'00000047','134',1003);
Insert into ASSIGNMENT ("배정일","알바생번호","지점코드","호실번호") values (to_date('23/05/25','RR/MM/DD'),'00000012','134',1003);
Insert into ASSIGNMENT ("배정일","알바생번호","지점코드","호실번호") values (to_date('23/05/25','RR/MM/DD'),'00000024','134',1003);
Insert into ASSIGNMENT ("배정일","알바생번호","지점코드","호실번호") values (to_date('23/05/26','RR/MM/DD'),'00000006','134',1003);
Insert into ASSIGNMENT ("배정일","알바생번호","지점코드","호실번호") values (to_date('23/05/26','RR/MM/DD'),'00000042','134',1003);
Insert into ASSIGNMENT ("배정일","알바생번호","지점코드","호실번호") values (to_date('23/05/27','RR/MM/DD'),'00000016','134',1003);
Insert into ASSIGNMENT ("배정일","알바생번호","지점코드","호실번호") values (to_date('23/05/27','RR/MM/DD'),'00000022','134',1003);
Insert into ASSIGNMENT ("배정일","알바생번호","지점코드","호실번호") values (to_date('23/05/28','RR/MM/DD'),'00000030','134',1003);
Insert into ASSIGNMENT ("배정일","알바생번호","지점코드","호실번호") values (to_date('23/05/28','RR/MM/DD'),'00000046','134',1003);
Insert into ASSIGNMENT ("배정일","알바생번호","지점코드","호실번호") values (to_date('23/05/29','RR/MM/DD'),'00000020','134',1003);
Insert into ASSIGNMENT ("배정일","알바생번호","지점코드","호실번호") values (to_date('23/05/29','RR/MM/DD'),'00000026','134',1003);
Insert into ASSIGNMENT ("배정일","알바생번호","지점코드","호실번호") values (to_date('23/05/30','RR/MM/DD'),'00000003','134',1003);
Insert into ASSIGNMENT ("배정일","알바생번호","지점코드","호실번호") values (to_date('23/05/30','RR/MM/DD'),'00000011','134',1003);
Insert into ASSIGNMENT ("배정일","알바생번호","지점코드","호실번호") values (to_date('23/06/07','RR/MM/DD'),'00000002','102',1001);
Insert into ASSIGNMENT ("배정일","알바생번호","지점코드","호실번호") values (to_date('23/06/07','RR/MM/DD'),'00000002','134',1003);
Insert into ASSIGNMENT ("배정일","알바생번호","지점코드","호실번호") values (to_date('23/06/08','RR/MM/DD'),'00000000','108',1001);
Insert into ASSIGNMENT ("배정일","알바생번호","지점코드","호실번호") values (to_date('23/06/08','RR/MM/DD'),'00000002','102',1001);
Insert into ASSIGNMENT ("배정일","알바생번호","지점코드","호실번호") values (to_date('23/07/01','RR/MM/DD'),'00000007','103',1002);
Insert into ASSIGNMENT ("배정일","알바생번호","지점코드","호실번호") values (to_date('23/01/01','RR/MM/DD'),'00000012','105',1001);
Insert into ASSIGNMENT ("배정일","알바생번호","지점코드","호실번호") values (to_date('23/01/02','RR/MM/DD'),'00000000','101',1001);
Insert into ASSIGNMENT ("배정일","알바생번호","지점코드","호실번호") values (to_date('23/01/02','RR/MM/DD'),'00000000','102',1001);
Insert into ASSIGNMENT ("배정일","알바생번호","지점코드","호실번호") values (to_date('23/01/02','RR/MM/DD'),'00000005','102',1001);
Insert into ASSIGNMENT ("배정일","알바생번호","지점코드","호실번호") values (to_date('23/01/02','RR/MM/DD'),'00000005','102',1003);
Insert into ASSIGNMENT ("배정일","알바생번호","지점코드","호실번호") values (to_date('23/01/03','RR/MM/DD'),'00000006','103',1001);
Insert into ASSIGNMENT ("배정일","알바생번호","지점코드","호실번호") values (to_date('23/01/03','RR/MM/DD'),'00000026','109',1003);
Insert into ASSIGNMENT ("배정일","알바생번호","지점코드","호실번호") values (to_date('23/01/04','RR/MM/DD'),'00000035','112',1003);
Insert into ASSIGNMENT ("배정일","알바생번호","지점코드","호실번호") values (to_date('23/01/05','RR/MM/DD'),'00000008','103',1003);
Insert into ASSIGNMENT ("배정일","알바생번호","지점코드","호실번호") values (to_date('23/01/05','RR/MM/DD'),'00000029','110',1003);
Insert into ASSIGNMENT ("배정일","알바생번호","지점코드","호실번호") values (to_date('23/01/06','RR/MM/DD'),'00000022','108',1002);
Insert into ASSIGNMENT ("배정일","알바생번호","지점코드","호실번호") values (to_date('23/01/07','RR/MM/DD'),'00000027','110',1001);
Insert into ASSIGNMENT ("배정일","알바생번호","지점코드","호실번호") values (to_date('23/01/08','RR/MM/DD'),'00000009','104',1001);
Insert into ASSIGNMENT ("배정일","알바생번호","지점코드","호실번호") values (to_date('23/01/08','RR/MM/DD'),'00000020','107',1003);
Insert into ASSIGNMENT ("배정일","알바생번호","지점코드","호실번호") values (to_date('23/01/09','RR/MM/DD'),'00000028','110',1002);
Insert into ASSIGNMENT ("배정일","알바생번호","지점코드","호실번호") values (to_date('23/01/09','RR/MM/DD'),'00000036','113',1001);
Insert into ASSIGNMENT ("배정일","알바생번호","지점코드","호실번호") values (to_date('23/01/10','RR/MM/DD'),'00000042','115',1001);
Insert into ASSIGNMENT ("배정일","알바생번호","지점코드","호실번호") values (to_date('23/01/11','RR/MM/DD'),'00000027','134',1003);
Insert into ASSIGNMENT ("배정일","알바생번호","지점코드","호실번호") values (to_date('23/01/11','RR/MM/DD'),'00000050','134',1003);
Insert into ASSIGNMENT ("배정일","알바생번호","지점코드","호실번호") values (to_date('23/01/12','RR/MM/DD'),'00000010','104',1002);
Insert into ASSIGNMENT ("배정일","알바생번호","지점코드","호실번호") values (to_date('23/01/12','RR/MM/DD'),'00000016','106',1002);
Insert into ASSIGNMENT ("배정일","알바생번호","지점코드","호실번호") values (to_date('23/01/13','RR/MM/DD'),'00000031','111',1002);
Insert into ASSIGNMENT ("배정일","알바생번호","지점코드","호실번호") values (to_date('23/01/14','RR/MM/DD'),'00000034','112',1002);
Insert into ASSIGNMENT ("배정일","알바생번호","지점코드","호실번호") values (to_date('23/01/15','RR/MM/DD'),'00000041','114',1003);
Insert into ASSIGNMENT ("배정일","알바생번호","지점코드","호실번호") values (to_date('23/01/16','RR/MM/DD'),'00000003','102',1001);
Insert into ASSIGNMENT ("배정일","알바생번호","지점코드","호실번호") values (to_date('23/01/16','RR/MM/DD'),'00000007','103',1002);
Insert into ASSIGNMENT ("배정일","알바생번호","지점코드","호실번호") values (to_date('23/01/17','RR/MM/DD'),'00000018','107',1001);
Insert into ASSIGNMENT ("배정일","알바생번호","지점코드","호실번호") values (to_date('23/01/17','RR/MM/DD'),'00000049','117',1002);
Insert into ASSIGNMENT ("배정일","알바생번호","지점코드","호실번호") values (to_date('23/01/18','RR/MM/DD'),'00000008','134',1003);
Insert into ASSIGNMENT ("배정일","알바생번호","지점코드","호실번호") values (to_date('23/01/18','RR/MM/DD'),'00000018','134',1003);
Insert into ASSIGNMENT ("배정일","알바생번호","지점코드","호실번호") values (to_date('23/01/19','RR/MM/DD'),'00000023','108',1003);
Insert into ASSIGNMENT ("배정일","알바생번호","지점코드","호실번호") values (to_date('23/01/20','RR/MM/DD'),'00000004','102',1001);
Insert into ASSIGNMENT ("배정일","알바생번호","지점코드","호실번호") values (to_date('23/01/20','RR/MM/DD'),'00000004','102',1002);
Insert into ASSIGNMENT ("배정일","알바생번호","지점코드","호실번호") values (to_date('23/01/20','RR/MM/DD'),'00000004','103',1001);
Insert into ASSIGNMENT ("배정일","알바생번호","지점코드","호실번호") values (to_date('23/01/21','RR/MM/DD'),'00000011','104',1003);
Insert into ASSIGNMENT ("배정일","알바생번호","지점코드","호실번호") values (to_date('23/01/21','RR/MM/DD'),'00000038','113',1003);
Insert into ASSIGNMENT ("배정일","알바생번호","지점코드","호실번호") values (to_date('23/01/22','RR/MM/DD'),'00000004','134',1003);
Insert into ASSIGNMENT ("배정일","알바생번호","지점코드","호실번호") values (to_date('23/01/22','RR/MM/DD'),'00000022','134',1003);
Insert into ASSIGNMENT ("배정일","알바생번호","지점코드","호실번호") values (to_date('23/01/23','RR/MM/DD'),'00000012','134',1003);
Insert into ASSIGNMENT ("배정일","알바생번호","지점코드","호실번호") values (to_date('23/01/23','RR/MM/DD'),'00000026','134',1003);
Insert into ASSIGNMENT ("배정일","알바생번호","지점코드","호실번호") values (to_date('23/01/24','RR/MM/DD'),'00000002','101',1003);
Insert into ASSIGNMENT ("배정일","알바생번호","지점코드","호실번호") values (to_date('23/01/24','RR/MM/DD'),'00000002','102',1001);
Insert into ASSIGNMENT ("배정일","알바생번호","지점코드","호실번호") values (to_date('23/01/24','RR/MM/DD'),'00000014','102',1001);
Insert into ASSIGNMENT ("배정일","알바생번호","지점코드","호실번호") values (to_date('23/01/24','RR/MM/DD'),'00000014','105',1003);
Insert into ASSIGNMENT ("배정일","알바생번호","지점코드","호실번호") values (to_date('23/01/25','RR/MM/DD'),'00000040','114',1002);
Insert into ASSIGNMENT ("배정일","알바생번호","지점코드","호실번호") values (to_date('23/01/26','RR/MM/DD'),'00000030','111',1001);
Insert into ASSIGNMENT ("배정일","알바생번호","지점코드","호실번호") values (to_date('23/01/27','RR/MM/DD'),'00000035','134',1003);
Insert into ASSIGNMENT ("배정일","알바생번호","지점코드","호실번호") values (to_date('23/01/27','RR/MM/DD'),'00000042','134',1003);
Insert into ASSIGNMENT ("배정일","알바생번호","지점코드","호실번호") values (to_date('23/01/28','RR/MM/DD'),'00000051','101',1001);
Insert into ASSIGNMENT ("배정일","알바생번호","지점코드","호실번호") values (to_date('23/01/29','RR/MM/DD'),'00000032','111',1003);
Insert into ASSIGNMENT ("배정일","알바생번호","지점코드","호실번호") values (to_date('23/01/29','RR/MM/DD'),'00000037','113',1002);
Insert into ASSIGNMENT ("배정일","알바생번호","지점코드","호실번호") values (to_date('23/01/30','RR/MM/DD'),'00000043','115',1002);
Insert into ASSIGNMENT ("배정일","알바생번호","지점코드","호실번호") values (to_date('23/01/31','RR/MM/DD'),'00000021','108',1001);
Insert into ASSIGNMENT ("배정일","알바생번호","지점코드","호실번호") values (to_date('23/02/01','RR/MM/DD'),'00000001','101',1001);
Insert into ASSIGNMENT ("배정일","알바생번호","지점코드","호실번호") values (to_date('23/02/01','RR/MM/DD'),'00000001','101',1002);
Insert into ASSIGNMENT ("배정일","알바생번호","지점코드","호실번호") values (to_date('23/02/02','RR/MM/DD'),'00000015','106',1001);
Insert into ASSIGNMENT ("배정일","알바생번호","지점코드","호실번호") values (to_date('23/02/03','RR/MM/DD'),'00000044','115',1003);
Insert into ASSIGNMENT ("배정일","알바생번호","지점코드","호실번호") values (to_date('23/02/04','RR/MM/DD'),'00000016','101',1001);
Insert into ASSIGNMENT ("배정일","알바생번호","지점코드","호실번호") values (to_date('23/02/04','RR/MM/DD'),'00000027','101',1001);
Insert into ASSIGNMENT ("배정일","알바생번호","지점코드","호실번호") values (to_date('23/02/05','RR/MM/DD'),'00000024','109',1001);
Insert into ASSIGNMENT ("배정일","알바생번호","지점코드","호실번호") values (to_date('23/02/06','RR/MM/DD'),'00000045','116',1001);
Insert into ASSIGNMENT ("배정일","알바생번호","지점코드","호실번호") values (to_date('23/02/07','RR/MM/DD'),'00000026','101',1001);
Insert into ASSIGNMENT ("배정일","알바생번호","지점코드","호실번호") values (to_date('23/02/07','RR/MM/DD'),'00000051','101',1001);
Insert into ASSIGNMENT ("배정일","알바생번호","지점코드","호실번호") values (to_date('23/02/08','RR/MM/DD'),'00000033','112',1001);
Insert into ASSIGNMENT ("배정일","알바생번호","지점코드","호실번호") values (to_date('23/02/09','RR/MM/DD'),'00000022','101',1001);
Insert into ASSIGNMENT ("배정일","알바생번호","지점코드","호실번호") values (to_date('23/02/09','RR/MM/DD'),'00000043','101',1001);
Insert into ASSIGNMENT ("배정일","알바생번호","지점코드","호실번호") values (to_date('23/02/10','RR/MM/DD'),'00000046','116',1002);
Insert into ASSIGNMENT ("배정일","알바생번호","지점코드","호실번호") values (to_date('23/02/11','RR/MM/DD'),'00000006','101',1001);
Insert into ASSIGNMENT ("배정일","알바생번호","지점코드","호실번호") values (to_date('23/02/11','RR/MM/DD'),'00000038','101',1001);
Insert into ASSIGNMENT ("배정일","알바생번호","지점코드","호실번호") values (to_date('23/02/12','RR/MM/DD'),'00000004','102',1001);
Insert into ASSIGNMENT ("배정일","알바생번호","지점코드","호실번호") values (to_date('23/02/12','RR/MM/DD'),'00000045','102',1001);
Insert into ASSIGNMENT ("배정일","알바생번호","지점코드","호실번호") values (to_date('23/02/13','RR/MM/DD'),'00000019','107',1002);
Insert into ASSIGNMENT ("배정일","알바생번호","지점코드","호실번호") values (to_date('23/02/14','RR/MM/DD'),'00000048','117',1001);
Insert into ASSIGNMENT ("배정일","알바생번호","지점코드","호실번호") values (to_date('23/02/15','RR/MM/DD'),'00000031','102',1001);
Insert into ASSIGNMENT ("배정일","알바생번호","지점코드","호실번호") values (to_date('23/02/15','RR/MM/DD'),'00000048','102',1001);
Insert into ASSIGNMENT ("배정일","알바생번호","지점코드","호실번호") values (to_date('23/02/16','RR/MM/DD'),'00000020','102',1001);
Insert into ASSIGNMENT ("배정일","알바생번호","지점코드","호실번호") values (to_date('23/02/16','RR/MM/DD'),'00000027','102',1001);
Insert into ASSIGNMENT ("배정일","알바생번호","지점코드","호실번호") values (to_date('23/02/17','RR/MM/DD'),'00000006','102',1001);
Insert into ASSIGNMENT ("배정일","알바생번호","지점코드","호실번호") values (to_date('23/02/17','RR/MM/DD'),'00000049','102',1001);
Insert into ASSIGNMENT ("배정일","알바생번호","지점코드","호실번호") values (to_date('23/02/18','RR/MM/DD'),'00000003','102',1001);
Insert into ASSIGNMENT ("배정일","알바생번호","지점코드","호실번호") values (to_date('23/02/18','RR/MM/DD'),'00000043','102',1001);
Insert into ASSIGNMENT ("배정일","알바생번호","지점코드","호실번호") values (to_date('23/02/19','RR/MM/DD'),'00000044','101',1002);
Insert into ASSIGNMENT ("배정일","알바생번호","지점코드","호실번호") values (to_date('23/02/19','RR/MM/DD'),'00000050','101',1002);
Insert into ASSIGNMENT ("배정일","알바생번호","지점코드","호실번호") values (to_date('23/02/20','RR/MM/DD'),'00000025','109',1002);
Insert into ASSIGNMENT ("배정일","알바생번호","지점코드","호실번호") values (to_date('23/02/21','RR/MM/DD'),'00000012','101',1002);
Insert into ASSIGNMENT ("배정일","알바생번호","지점코드","호실번호") values (to_date('23/02/21','RR/MM/DD'),'00000018','101',1002);
Insert into ASSIGNMENT ("배정일","알바생번호","지점코드","호실번호") values (to_date('23/02/22','RR/MM/DD'),'00000026','101',1002);
Insert into ASSIGNMENT ("배정일","알바생번호","지점코드","호실번호") values (to_date('23/02/22','RR/MM/DD'),'00000040','101',1002);
Insert into ASSIGNMENT ("배정일","알바생번호","지점코드","호실번호") values (to_date('23/02/23','RR/MM/DD'),'00000028','101',1002);
Insert into ASSIGNMENT ("배정일","알바생번호","지점코드","호실번호") values (to_date('23/02/23','RR/MM/DD'),'00000050','101',1002);
Insert into ASSIGNMENT ("배정일","알바생번호","지점코드","호실번호") values (to_date('23/02/24','RR/MM/DD'),'00000008','101',1002);
Insert into ASSIGNMENT ("배정일","알바생번호","지점코드","호실번호") values (to_date('23/02/24','RR/MM/DD'),'00000045','101',1002);
Insert into ASSIGNMENT ("배정일","알바생번호","지점코드","호실번호") values (to_date('23/02/25','RR/MM/DD'),'00000029','101',1002);
Insert into ASSIGNMENT ("배정일","알바생번호","지점코드","호실번호") values (to_date('23/02/25','RR/MM/DD'),'00000049','101',1002);
Insert into ASSIGNMENT ("배정일","알바생번호","지점코드","호실번호") values (to_date('23/02/26','RR/MM/DD'),'00000020','101',1002);
Insert into ASSIGNMENT ("배정일","알바생번호","지점코드","호실번호") values (to_date('23/02/26','RR/MM/DD'),'00000028','101',1002);
Insert into ASSIGNMENT ("배정일","알바생번호","지점코드","호실번호") values (to_date('23/02/27','RR/MM/DD'),'00000018','101',1002);
Insert into ASSIGNMENT ("배정일","알바생번호","지점코드","호실번호") values (to_date('23/02/27','RR/MM/DD'),'00000031','101',1002);
Insert into ASSIGNMENT ("배정일","알바생번호","지점코드","호실번호") values (to_date('23/02/28','RR/MM/DD'),'00000017','106',1003);
Insert into ASSIGNMENT ("배정일","알바생번호","지점코드","호실번호") values (to_date('23/03/01','RR/MM/DD'),'00000042','101',1002);
Insert into ASSIGNMENT ("배정일","알바생번호","지점코드","호실번호") values (to_date('23/03/01','RR/MM/DD'),'00000051','101',1002);
Insert into ASSIGNMENT ("배정일","알바생번호","지점코드","호실번호") values (to_date('23/03/02','RR/MM/DD'),'00000024','101',1002);
Insert into ASSIGNMENT ("배정일","알바생번호","지점코드","호실번호") values (to_date('23/03/02','RR/MM/DD'),'00000034','101',1002);
Insert into ASSIGNMENT ("배정일","알바생번호","지점코드","호실번호") values (to_date('23/03/03','RR/MM/DD'),'00000045','101',1002);
Insert into ASSIGNMENT ("배정일","알바생번호","지점코드","호실번호") values (to_date('23/03/03','RR/MM/DD'),'00000050','101',1002);
Insert into ASSIGNMENT ("배정일","알바생번호","지점코드","호실번호") values (to_date('23/03/04','RR/MM/DD'),'00000024','101',1002);
Insert into ASSIGNMENT ("배정일","알바생번호","지점코드","호실번호") values (to_date('23/03/04','RR/MM/DD'),'00000031','101',1002);
Insert into ASSIGNMENT ("배정일","알바생번호","지점코드","호실번호") values (to_date('23/03/05','RR/MM/DD'),'00000012','101',1002);
Insert into ASSIGNMENT ("배정일","알바생번호","지점코드","호실번호") values (to_date('23/03/05','RR/MM/DD'),'00000043','101',1002);
Insert into ASSIGNMENT ("배정일","알바생번호","지점코드","호실번호") values (to_date('23/03/06','RR/MM/DD'),'00000019','101',1002);
Insert into ASSIGNMENT ("배정일","알바생번호","지점코드","호실번호") values (to_date('23/03/06','RR/MM/DD'),'00000026','101',1002);
Insert into ASSIGNMENT ("배정일","알바생번호","지점코드","호실번호") values (to_date('23/03/07','RR/MM/DD'),'00000000','101',1002);
Insert into ASSIGNMENT ("배정일","알바생번호","지점코드","호실번호") values (to_date('23/03/07','RR/MM/DD'),'00000050','101',1002);
Insert into ASSIGNMENT ("배정일","알바생번호","지점코드","호실번호") values (to_date('23/03/08','RR/MM/DD'),'00000024','101',1001);
Insert into ASSIGNMENT ("배정일","알바생번호","지점코드","호실번호") values (to_date('23/03/09','RR/MM/DD'),'00000020','101',1001);
Insert into ASSIGNMENT ("배정일","알바생번호","지점코드","호실번호") values (to_date('23/03/09','RR/MM/DD'),'00000049','101',1001);
REM INSERTING into BRANCH
SET DEFINE OFF;
Insert into BRANCH ("지점코드","지점명","주소","전화번호","관리자번호") values ('101','지점1','서울시 강남구 1번길 123','02-1234-5678',10031);
Insert into BRANCH ("지점코드","지점명","주소","전화번호","관리자번호") values ('102','지점2','서울시 강북구 2번길 456','02-2345-6789',10033);
Insert into BRANCH ("지점코드","지점명","주소","전화번호","관리자번호") values ('103','지점3','서울시 강서구 3번길 789','02-3456-7890',10021);
Insert into BRANCH ("지점코드","지점명","주소","전화번호","관리자번호") values ('104','지점4','서울시 관악구 4번길 012','02-4567-8901',10013);
Insert into BRANCH ("지점코드","지점명","주소","전화번호","관리자번호") values ('105','지점5','서울시 구로구 5번길 345','02-5678-9012',10035);
Insert into BRANCH ("지점코드","지점명","주소","전화번호","관리자번호") values ('106','지점6','서울시 금천구 6번길 678','02-6789-0123',10045);
Insert into BRANCH ("지점코드","지점명","주소","전화번호","관리자번호") values ('107','지점7','서울시 노원구 7번길 901','02-7890-1234',10039);
Insert into BRANCH ("지점코드","지점명","주소","전화번호","관리자번호") values ('108','지점8','서울시 도봉구 8번길 234','02-8901-2345',10022);
Insert into BRANCH ("지점코드","지점명","주소","전화번호","관리자번호") values ('109','지점9','서울시 동대문구 9번길 567','02-9012-3456',10029);
Insert into BRANCH ("지점코드","지점명","주소","전화번호","관리자번호") values ('110','지점10','서울시 동작구 10번길 890','02-0123-4567',10010);
Insert into BRANCH ("지점코드","지점명","주소","전화번호","관리자번호") values ('111','지점11','서울시 마포구 11번길 123','02-1234-5678',10015);
Insert into BRANCH ("지점코드","지점명","주소","전화번호","관리자번호") values ('112','지점12','서울시 서대문구 12번길 456','02-2345-6789',10014);
Insert into BRANCH ("지점코드","지점명","주소","전화번호","관리자번호") values ('113','지점13','서울시 서초구 13번길 789','02-3456-7890',10046);
Insert into BRANCH ("지점코드","지점명","주소","전화번호","관리자번호") values ('114','지점14','서울시 성동구 14번길 012','02-4567-8901',10001);
Insert into BRANCH ("지점코드","지점명","주소","전화번호","관리자번호") values ('115','지점15','서울시 성북구 15번길 345','02-5678-9012',10004);
Insert into BRANCH ("지점코드","지점명","주소","전화번호","관리자번호") values ('116','지점16','서울시 송파구 16번길 678','02-6789-0123',10025);
Insert into BRANCH ("지점코드","지점명","주소","전화번호","관리자번호") values ('117','지점17','서울시 양천구 17번길 901','02-7890-1234',10007);
Insert into BRANCH ("지점코드","지점명","주소","전화번호","관리자번호") values ('118','지점18','서울시 영등포구 18번길 234','02-8901-2345',10043);
Insert into BRANCH ("지점코드","지점명","주소","전화번호","관리자번호") values ('119','지점19','서울시 용산구 19번길 567','02-9012-3456',10038);
Insert into BRANCH ("지점코드","지점명","주소","전화번호","관리자번호") values ('120','지점20','서울시 은평구 20번길 890','02-0123-4567',10009);
Insert into BRANCH ("지점코드","지점명","주소","전화번호","관리자번호") values ('121','지점21','서울시 종로구 21번길 123','02-1234-5678',10019);
Insert into BRANCH ("지점코드","지점명","주소","전화번호","관리자번호") values ('122','지점22','서울시 중구 22번길 456','02-2345-6789',10027);
Insert into BRANCH ("지점코드","지점명","주소","전화번호","관리자번호") values ('123','지점23','서울시 중랑구 23번길 789','02-3456-7890',10040);
Insert into BRANCH ("지점코드","지점명","주소","전화번호","관리자번호") values ('124','지점24','서울시 강남구 24번길 012','02-4567-8901',10044);
Insert into BRANCH ("지점코드","지점명","주소","전화번호","관리자번호") values ('125','지점25','서울시 강북구 25번길 345','02-5678-9012',10003);
Insert into BRANCH ("지점코드","지점명","주소","전화번호","관리자번호") values ('126','지점26','서울시 강서구 26번길 678','02-6789-0123',10041);
Insert into BRANCH ("지점코드","지점명","주소","전화번호","관리자번호") values ('127','지점27','서울시 관악구 27번길 901','02-7890-1234',10018);
Insert into BRANCH ("지점코드","지점명","주소","전화번호","관리자번호") values ('128','지점28','서울시 구로구 28번길 234','02-8901-2345',10002);
Insert into BRANCH ("지점코드","지점명","주소","전화번호","관리자번호") values ('129','지점29','서울시 금천구 29번길 567','02-9012-3456',10017);
Insert into BRANCH ("지점코드","지점명","주소","전화번호","관리자번호") values ('130','지점30','서울시 노원구 30번길 890','02-0123-4567',10024);
Insert into BRANCH ("지점코드","지점명","주소","전화번호","관리자번호") values ('131','지점31','서울시 도봉구 31번길 123','02-1234-5678',10036);
Insert into BRANCH ("지점코드","지점명","주소","전화번호","관리자번호") values ('132','지점32','서울시 동대문구 32번길 456','02-2345-6789',10049);
Insert into BRANCH ("지점코드","지점명","주소","전화번호","관리자번호") values ('133','지점33','서울시 동작구 33번길 789','02-3456-7890',10034);
Insert into BRANCH ("지점코드","지점명","주소","전화번호","관리자번호") values ('134','지점34','서울시 마포구 34번길 012','02-4567-8901',10023);
Insert into BRANCH ("지점코드","지점명","주소","전화번호","관리자번호") values ('135','지점35','서울시 서대문구 35번길 345','02-5678-9012',10026);
Insert into BRANCH ("지점코드","지점명","주소","전화번호","관리자번호") values ('136','지점36','서울시 서초구 36번길 678','02-6789-0123',10006);
Insert into BRANCH ("지점코드","지점명","주소","전화번호","관리자번호") values ('137','지점37','서울시 성동구 37번길 901','02-7890-1234',10032);
Insert into BRANCH ("지점코드","지점명","주소","전화번호","관리자번호") values ('138','지점38','서울시 성북구 38번길 234','02-8901-2345',10008);
Insert into BRANCH ("지점코드","지점명","주소","전화번호","관리자번호") values ('139','지점39','서울시 송파구 39번길 567','02-9012-3456',10048);
Insert into BRANCH ("지점코드","지점명","주소","전화번호","관리자번호") values ('140','지점40','서울시 양천구 40번길 890','02-0123-4567',10037);
Insert into BRANCH ("지점코드","지점명","주소","전화번호","관리자번호") values ('141','지점41','서울시 영등포구 41번길 123','02-1234-5678',10042);
Insert into BRANCH ("지점코드","지점명","주소","전화번호","관리자번호") values ('142','지점42','서울시 용산구 42번길 456','02-2345-6789',10016);
Insert into BRANCH ("지점코드","지점명","주소","전화번호","관리자번호") values ('143','지점43','서울시 은평구 43번길 789','02-3456-7890',10020);
Insert into BRANCH ("지점코드","지점명","주소","전화번호","관리자번호") values ('144','지점44','서울시 종로구 44번길 012','02-4567-8901',10011);
Insert into BRANCH ("지점코드","지점명","주소","전화번호","관리자번호") values ('145','지점45','서울시 중구 45번길 345','02-5678-9012',10005);
Insert into BRANCH ("지점코드","지점명","주소","전화번호","관리자번호") values ('146','지점46','서울시 중랑구 46번길 678','02-6789-0123',10050);
Insert into BRANCH ("지점코드","지점명","주소","전화번호","관리자번호") values ('147','지점47','서울시 강남구 47번길 901','02-7890-1234',10047);
Insert into BRANCH ("지점코드","지점명","주소","전화번호","관리자번호") values ('148','지점48','서울시 강북구 48번길 234','02-8901-2345',10012);
Insert into BRANCH ("지점코드","지점명","주소","전화번호","관리자번호") values ('149','지점49','서울시 강서구 49번길 567','02-9012-3456',10030);
Insert into BRANCH ("지점코드","지점명","주소","전화번호","관리자번호") values ('150','지점50','서울시 관악구 50번길 890','02-0123-4567',10028);
REM INSERTING into MANAGER
SET DEFINE OFF;
Insert into MANAGER ("관리자번호","이름","전화번호","주소") values (10039,'최하우','010-2876-4951','대전광역시 중구 선화로 654번지');
Insert into MANAGER ("관리자번호","이름","전화번호","주소") values (10040,'오승석','010-7914-5386','경상남도 김해시 진영읍 김해대로 987번지');
Insert into MANAGER ("관리자번호","이름","전화번호","주소") values (10041,'최세지','010-3658-7149','인천광역시 계양구 계산서로 123번지');
Insert into MANAGER ("관리자번호","이름","전화번호","주소") values (10042,'권정운','010-5421-9763','서울특별시 관악구 남부순환로 456번지');
Insert into MANAGER ("관리자번호","이름","전화번호","주소") values (10043,'장서서','010-2967-1483','경기도 성남시 수정구 산성대로 789번지');
Insert into MANAGER ("관리자번호","이름","전화번호","주소") values (10044,'하승우','010-4179-6352','충청북도 청주시 청원구 분향로 321번지');
Insert into MANAGER ("관리자번호","이름","전화번호","주소") values (10045,'강주하','010-3749-1826','대전광역시 서구 유등천로 654번지');
Insert into MANAGER ("관리자번호","이름","전화번호","주소") values (10046,'이혀원','010-8291-6357','경기도 수원시 장안구 효원로 987번지');
Insert into MANAGER ("관리자번호","이름","전화번호","주소") values (10047,'정태하','010-6395-8174','부산광역시 북구 만덕대로 123번지');
Insert into MANAGER ("관리자번호","이름","전화번호","주소") values (10001,'장재천','010-1234-5678','서울특별시 강남구 테헤란로 123번지');
Insert into MANAGER ("관리자번호","이름","전화번호","주소") values (10002,'박다하','010-9876-5432','경기도 성남시 분당구 판교로 456번지');
Insert into MANAGER ("관리자번호","이름","전화번호","주소") values (10003,'김대몽','010-2468-1357','인천광역시 남구 소래포구로 789번지');
Insert into MANAGER ("관리자번호","이름","전화번호","주소") values (10004,'구병미','010-7531-8642','대전광역시 유성구 대학로 321번지');
Insert into MANAGER ("관리자번호","이름","전화번호","주소") values (10005,'신찬하','010-3698-1472','경상북도 포항시 남구 연일로 654번지');
Insert into MANAGER ("관리자번호","이름","전화번호","주소") values (10006,'이의연','010-5827-6409','부산광역시 해운대구 센텀시티로 987번지');
Insert into MANAGER ("관리자번호","이름","전화번호","주소") values (10007,'오혀하','010-9137-2584','서울특별시 종로구 삼청로 321번지');
Insert into MANAGER ("관리자번호","이름","전화번호","주소") values (10008,'박하정','010-7854-9132','광주광역시 동구 양동로 654번지');
Insert into MANAGER ("관리자번호","이름","전화번호","주소") values (10009,'김요하','010-4612-3798','대구광역시 수성구 달구벌대로 987번지');
Insert into MANAGER ("관리자번호","이름","전화번호","주소") values (10010,'김아하','010-8374-1962','경기도 안양시 동안구 시민대로 123번지');
Insert into MANAGER ("관리자번호","이름","전화번호","주소") values (10011,'김미리','010-5961-4837','전라남도 여수시 금화로 456번지');
Insert into MANAGER ("관리자번호","이름","전화번호","주소") values (10012,'최주리','010-2784-6915','인천광역시 서구 연희로 789번지');
Insert into MANAGER ("관리자번호","이름","전화번호","주소") values (10013,'남태주','010-4195-8637','서울특별시 송파구 올림픽로 321번지');
Insert into MANAGER ("관리자번호","이름","전화번호","주소") values (10014,'박은하','010-3748-9162','충청북도 청주시 상당구 중앙로 654번지');
Insert into MANAGER ("관리자번호","이름","전화번호","주소") values (10015,'김지우','010-8265-7391','대전광역시 서구 대덕대로 987번지');
Insert into MANAGER ("관리자번호","이름","전화번호","주소") values (10016,'이유하','010-6392-8147','경상남도 창원시 의창구 대원로 123번지');
Insert into MANAGER ("관리자번호","이름","전화번호","주소") values (10017,'라운찬','010-2853-4976','부산광역시 사하구 다대로 456번지');
Insert into MANAGER ("관리자번호","이름","전화번호","주소") values (10018,'장다지','010-7916-4352','울산광역시 남구 옥동로 789번지');
Insert into MANAGER ("관리자번호","이름","전화번호","주소") values (10019,'박지번','010-3647-9815','서울특별시 마포구 와우산로 321번지');
Insert into MANAGER ("관리자번호","이름","전화번호","주소") values (10020,'김태미','010-5481-7263','경기도 수원시 권선구 호매실로 654번지');
Insert into MANAGER ("관리자번호","이름","전화번호","주소") values (10021,'황주승','010-2963-8147','전라북도 전주시 완산구 서원로 987번지');
Insert into MANAGER ("관리자번호","이름","전화번호","주소") values (10022,'정유주','010-4379-1586','대구광역시 달서구 성서로 123번지');
Insert into MANAGER ("관리자번호","이름","전화번호","주소") values (10023,'이현주','010-7613-4925','충청남도 천안시 동남구 서부대로 456번지');
Insert into MANAGER ("관리자번호","이름","전화번호","주소") values (10024,'차성이','010-9187-5463','광주광역시 남구 제석로 456번지');
Insert into MANAGER ("관리자번호","이름","전화번호","주소") values (10025,'박초윤','010-7532-9864','경상남도 진주시 남강로 789번지');
Insert into MANAGER ("관리자번호","이름","전화번호","주소") values (10026,'최언준','010-6924-7158','인천광역시 부평구 경인로 321번지');
Insert into MANAGER ("관리자번호","이름","전화번호","주소") values (10027,'이지나','010-1836-9572','서울특별시 중구 을지로 654번지');
Insert into MANAGER ("관리자번호","이름","전화번호","주소") values (10028,'박혀하','010-7942-8631','경기도 용인시 처인구 포은대로 987번지');
Insert into MANAGER ("관리자번호","이름","전화번호","주소") values (10029,'김사리','010-4279-6158','대전광역시 동구 계룡로 123번지');
Insert into MANAGER ("관리자번호","이름","전화번호","주소") values (10030,'양태제','010-5682-3974','충청남도 천안시 동남구 번영로 456번지');
Insert into MANAGER ("관리자번호","이름","전화번호","주소") values (10031,'박주비','010-9463-8251','세종특별자치시 금남로 789번지');
Insert into MANAGER ("관리자번호","이름","전화번호","주소") values (10032,'김성준','010-3625-7148','부산광역시 강서구 명지국제8로 321번지');
Insert into MANAGER ("관리자번호","이름","전화번호","주소") values (10033,'안지전','010-5984-2167','울산광역시 동구 동해안로 654번지');
Insert into MANAGER ("관리자번호","이름","전화번호","주소") values (10034,'이지하','010-2416-8735','경상북도 경주시 금성로 987번지');
Insert into MANAGER ("관리자번호","이름","전화번호","주소") values (10035,'서보하','010-7846-3159','인천광역시 연수구 송도과학로 123번지');
Insert into MANAGER ("관리자번호","이름","전화번호","주소") values (10036,'이영하','010-4391-7628','서울특별시 강동구 양재대로 456번지');
Insert into MANAGER ("관리자번호","이름","전화번호","주소") values (10037,'임승비','010-9173-5846','경기도 안산시 단원구 와동로 789번지');
Insert into MANAGER ("관리자번호","이름","전화번호","주소") values (10048,'황하지','010-2856-7439','울산광역시 중구 도화동로 456번지');
Insert into MANAGER ("관리자번호","이름","전화번호","주소") values (10049,'이긍석','010-7941-5386','경기도 안양시 동안구 시민대로 789번지');
Insert into MANAGER ("관리자번호","이름","전화번호","주소") values (10050,'최저연','010-4296-8173','전라남도 여수시 남산로 321번지');
Insert into MANAGER ("관리자번호","이름","전화번호","주소") values (10038,'박준성','010-6358-9142','전라남도 순천시 해룡면 흑석로 321번지');


Insert into PARTTIMER ("알바생번호","이름","전화번호","주소","계좌번호","멘토알바생번호") values ('00000001','복동준','010-1454-3003','경기도 연천군 왕징면 북삼로 72 11042','5087-0543','00000000');
Insert into PARTTIMER ("알바생번호","이름","전화번호","주소","계좌번호","멘토알바생번호") values ('00000000','정소화','010-8923-0440','경상남도 고성군 고성읍 월평4길 203-15 52948','2033-1441',null);
Insert into PARTTIMER ("알바생번호","이름","전화번호","주소","계좌번호","멘토알바생번호") values ('00000002','황동연','010-9386-1353','광주광역시 광산구 동곡로185번길 14(하산동) 62461','1590-5119','00000000');
Insert into PARTTIMER ("알바생번호","이름","전화번호","주소","계좌번호","멘토알바생번호") values ('00000003','봉예원','010-6511-8299','경상북도 안동시 풍산읍 장터3길 12 36621','8017-3498','00000000');
Insert into PARTTIMER ("알바생번호","이름","전화번호","주소","계좌번호","멘토알바생번호") values ('00000004','김경민','010-4456-4840','서울특별시 송파구 오금로36길 69-14(가락동) 05714','2925-4242',null);
Insert into PARTTIMER ("알바생번호","이름","전화번호","주소","계좌번호","멘토알바생번호") values ('00000005','오홍석','010-8545-7911','부산광역시 동래구 여고북로73번길 22-1(온천동) 47839','9764-8238','00000004');
Insert into PARTTIMER ("알바생번호","이름","전화번호","주소","계좌번호","멘토알바생번호") values ('00000006','최병준','010-1168-7198','경기도 광명시 광명로 417(노온사동) 14336','5985-8875','00000004');
Insert into PARTTIMER ("알바생번호","이름","전화번호","주소","계좌번호","멘토알바생번호") values ('00000007','제갈용욱','010-1890-2459','강원도 강릉시 골말길36번길 12(홍제동) 25527','1497-7893','00000004');
Insert into PARTTIMER ("알바생번호","이름","전화번호","주소","계좌번호","멘토알바생번호") values ('00000008','문영지','010-9140-3846','경상북도 청송군 진보면 높은배리길 19-6 37403','1754-7211','00000004');
Insert into PARTTIMER ("알바생번호","이름","전화번호","주소","계좌번호","멘토알바생번호") values ('00000009','표도환','010-8660-7183','경상북도 김천시 증산면 증산2로 190-13 39696','4593-0916','00000004');
Insert into PARTTIMER ("알바생번호","이름","전화번호","주소","계좌번호","멘토알바생번호") values ('00000010','표윤철','010-8929-7853','대구광역시 동구 용진길 73-5(중대동) 41001','9430-6893','00000004');
Insert into PARTTIMER ("알바생번호","이름","전화번호","주소","계좌번호","멘토알바생번호") values ('00000011','김정훈','010-4331-2552','서울특별시 강북구 삼양로136길 34(수유동) 01044','8281-3678','00000004');
Insert into PARTTIMER ("알바생번호","이름","전화번호","주소","계좌번호","멘토알바생번호") values ('00000012','예대선','010-4659-5256','경기도 용인시 수지구 신봉1로330번길 15-4(신봉동) 16803','9950-4007',null);
Insert into PARTTIMER ("알바생번호","이름","전화번호","주소","계좌번호","멘토알바생번호") values ('00000013','사공보선','010-7435-3382','경상남도 거제시 사등면 청포1길 104 53275','9887-7207',null);
Insert into PARTTIMER ("알바생번호","이름","전화번호","주소","계좌번호","멘토알바생번호") values ('00000014','장세원','010-6730-2744','경상남도 거창군 위천면 덕거길 43 50103','8713-5427',null);
Insert into PARTTIMER ("알바생번호","이름","전화번호","주소","계좌번호","멘토알바생번호") values ('00000015','최세웅','010-0928-4943','경상남도 창원시 성산구 토월로 94(상남동) 51502','8562-4675','00000000');
Insert into PARTTIMER ("알바생번호","이름","전화번호","주소","계좌번호","멘토알바생번호") values ('00000016','유영숙','010-6917-6602','대구광역시 북구 연암로 50(산격동) 41541','8670-6583','00000004');
Insert into PARTTIMER ("알바생번호","이름","전화번호","주소","계좌번호","멘토알바생번호") values ('00000017','고진선','010-3014-6987','전라남도 나주시 남평읍 남평1로 10-1 58227','0419-2806','00000004');
Insert into PARTTIMER ("알바생번호","이름","전화번호","주소","계좌번호","멘토알바생번호") values ('00000018','양재원','010-5165-2670','경기도 김포시 봉화로51번길 8-10(사우동) 10107','5923-7799','00000000');
Insert into PARTTIMER ("알바생번호","이름","전화번호","주소","계좌번호","멘토알바생번호") values ('00000019','풍원기','010-7532-2339','경상북도 안동시 법상화성1길 65-1(화성동) 36691','5786-6436','00000004');
Insert into PARTTIMER ("알바생번호","이름","전화번호","주소","계좌번호","멘토알바생번호") values ('00000020','심지숙','010-9928-3208','대구광역시 달성군 논공읍 비슬로 1764-4 42975','9442-5844','00000014');
Insert into PARTTIMER ("알바생번호","이름","전화번호","주소","계좌번호","멘토알바생번호") values ('00000021','서윤정','010-1690-3634','부산광역시 금정구 수림로 46-18(장전동) 46248','2587-0704','00000014');
Insert into PARTTIMER ("알바생번호","이름","전화번호","주소","계좌번호","멘토알바생번호") values ('00000022','정태원','010-6630-4294','서울특별시 송파구 성내천로44길 3-1(마천동) 05759','7340-9285',null);
Insert into PARTTIMER ("알바생번호","이름","전화번호","주소","계좌번호","멘토알바생번호") values ('00000024','고시연','010-7498-2690','대구광역시 달서구 성서4차첨단로 146(월암동) 42724','6697-9457','00000004');
Insert into PARTTIMER ("알바생번호","이름","전화번호","주소","계좌번호","멘토알바생번호") values ('00000025','정태환','010-8591-5554','대구광역시 수성구 수성로25길 53(상동) 42158','2707-5325','00000012');
Insert into PARTTIMER ("알바생번호","이름","전화번호","주소","계좌번호","멘토알바생번호") values ('00000026','신홍석','010-9043-2340','부산광역시 영도구 감지길 104-3(동삼동) 49126','4492-7971','00000012');
Insert into PARTTIMER ("알바생번호","이름","전화번호","주소","계좌번호","멘토알바생번호") values ('00000027','유시윤','010-9889-3010','서울특별시 강북구 오현로9라길 26(미아동) 01155','6800-5602','00000013');
Insert into PARTTIMER ("알바생번호","이름","전화번호","주소","계좌번호","멘토알바생번호") values ('00000028','오현기','010-9671-1886','서울특별시 영등포구 도신로 184-9(신길동) 07347','5830-0018','00000013');
Insert into PARTTIMER ("알바생번호","이름","전화번호","주소","계좌번호","멘토알바생번호") values ('00000029','정윤식','010-4414-1784','전라남도 장흥군 장흥읍 장흥로 17 59328','4018-4577',null);
Insert into PARTTIMER ("알바생번호","이름","전화번호","주소","계좌번호","멘토알바생번호") values ('00000030','한도준','010-1781-6835','경기도 양주시 평화로1597번길 73-22(회정동) 11439','7445-0361','00000013');
Insert into PARTTIMER ("알바생번호","이름","전화번호","주소","계좌번호","멘토알바생번호") values ('00000031','허윤아','010-6506-5637','경기도 파주시 새말5길 48(금촌동) 10854','2108-6917','00000022');
Insert into PARTTIMER ("알바생번호","이름","전화번호","주소","계좌번호","멘토알바생번호") values ('00000032','추형호','010-2553-9054','강원도 홍천군 남면 양덕원로 97 25108','2887-3892','00000013');
Insert into PARTTIMER ("알바생번호","이름","전화번호","주소","계좌번호","멘토알바생번호") values ('00000033','황보선빈','010-2262-4315','대전광역시 서구 도산로321번길 6(가장동) 35296','5008-7422','00000029');
Insert into PARTTIMER ("알바생번호","이름","전화번호","주소","계좌번호","멘토알바생번호") values ('00000034','설다영','010-9962-6232','경기도 광명시 안재로16번길 30(하안동) 14259','5874-1950','00000029');
Insert into PARTTIMER ("알바생번호","이름","전화번호","주소","계좌번호","멘토알바생번호") values ('00000035','노혜진','010-9658-8042','경기도 남양주시 와부읍 석실로 20-16 12269','4234-4222','00000029');
Insert into PARTTIMER ("알바생번호","이름","전화번호","주소","계좌번호","멘토알바생번호") values ('00000036','하수원','010-0641-3870','경기도 평택시 서탄면 서탄로 395-49 17701','0183-6835',null);
Insert into PARTTIMER ("알바생번호","이름","전화번호","주소","계좌번호","멘토알바생번호") values ('00000037','류명진','010-3476-9613','강원도 원주시 소초면 백교안길 13-17 26304','8884-4718','00000029');
Insert into PARTTIMER ("알바생번호","이름","전화번호","주소","계좌번호","멘토알바생번호") values ('00000038','강민영','010-3234-1570','강원도 춘천시 우두중리길51번길 22-6(우두동) 24227','0396-7192','00000013');
Insert into PARTTIMER ("알바생번호","이름","전화번호","주소","계좌번호","멘토알바생번호") values ('00000039','노미숙','010-9460-4355','경상북도 김천시 감문면 구야1길 35 39512','2489-5078','00000013');
Insert into PARTTIMER ("알바생번호","이름","전화번호","주소","계좌번호","멘토알바생번호") values ('00000040','봉유현','010-3274-6122','경기도 수원시 권선구 세권로315번길 33-10(권선동) 16551','6222-0114','00000013');
Insert into PARTTIMER ("알바생번호","이름","전화번호","주소","계좌번호","멘토알바생번호") values ('00000041','제갈천화','010-9445-7692','강원도 동해시 중앙로 236(천곡동) 25769','8637-6772','00000036');
Insert into PARTTIMER ("알바생번호","이름","전화번호","주소","계좌번호","멘토알바생번호") values ('00000042','사공춘자','010-5988-8259','대구광역시 북구 연암로31길 7(산격동) 41532','9275-5134','00000036');
Insert into PARTTIMER ("알바생번호","이름","전화번호","주소","계좌번호","멘토알바생번호") values ('00000043','노하영','010-8425-7532','부산광역시 부산진구 양정로 72(양정동) 47227','4151-8840','00000036');
Insert into PARTTIMER ("알바생번호","이름","전화번호","주소","계좌번호","멘토알바생번호") values ('00000044','김명선','010-5546-5910','서울특별시 중구 다산로34길 43(신당동) 04586','5140-0048','00000036');
Insert into PARTTIMER ("알바생번호","이름","전화번호","주소","계좌번호","멘토알바생번호") values ('00000045','문민선','010-8086-6854','전라남도 영암군 군서면 군서공단로 59 58434','2597-5150','00000000');
Insert into PARTTIMER ("알바생번호","이름","전화번호","주소","계좌번호","멘토알바생번호") values ('00000046','류민규','010-7965-8174','경기도 평택시 서정로268번길 31(서정동) 17775','7404-8290','00000000');
Insert into PARTTIMER ("알바생번호","이름","전화번호","주소","계좌번호","멘토알바생번호") values ('00000047','추윤성','010-3715-2709','경상남도 창원시 의창구 의안로50번길 19-3(소답동) 51198','8417-9310','00000013');
Insert into PARTTIMER ("알바생번호","이름","전화번호","주소","계좌번호","멘토알바생번호") values ('00000048','황종남','010-9036-8355','경상남도 합천군 합천읍 대야로 884 50231','1528-7874','00000013');
Insert into PARTTIMER ("알바생번호","이름","전화번호","주소","계좌번호","멘토알바생번호") values ('00000049','안유준','010-4041-8483','서울특별시 영등포구 디지털로48가길 10-11(대림동) 07446','8945-7861','00000013');
Insert into PARTTIMER ("알바생번호","이름","전화번호","주소","계좌번호","멘토알바생번호") values ('00000050','노시욱','010-9179-5410','서울특별시 종로구 진흥로21길 9-1(구기동) 03007','8179-9116','00000013');
Insert into PARTTIMER ("알바생번호","이름","전화번호","주소","계좌번호","멘토알바생번호") values ('00000051','오승희','010-8160-1748','인천광역시 미추홀구 한나루로489번길 26-12(용현동) 22209','4718-9617','00000036');
Insert into PARTTIMER ("알바생번호","이름","전화번호","주소","계좌번호","멘토알바생번호") values ('00000023','한현재','010-1781-6830','전라남도 곡성군 곡성읍 읍내39길 13-2 57534','3943-9972','00000012');


Insert into ROOM ("지점코드","호실번호","전화번호") values ('101',1001,'1011001');
Insert into ROOM ("지점코드","호실번호","전화번호") values ('101',1002,'1011002');
Insert into ROOM ("지점코드","호실번호","전화번호") values ('101',1003,'1011003');
Insert into ROOM ("지점코드","호실번호","전화번호") values ('102',1001,'1021001');
Insert into ROOM ("지점코드","호실번호","전화번호") values ('102',1002,'1021002');
Insert into ROOM ("지점코드","호실번호","전화번호") values ('102',1003,'1021003');
Insert into ROOM ("지점코드","호실번호","전화번호") values ('103',1001,'1031001');
Insert into ROOM ("지점코드","호실번호","전화번호") values ('103',1002,'1031002');
Insert into ROOM ("지점코드","호실번호","전화번호") values ('103',1003,'1031003');
Insert into ROOM ("지점코드","호실번호","전화번호") values ('104',1001,'1041001');
Insert into ROOM ("지점코드","호실번호","전화번호") values ('104',1002,'1041002');
Insert into ROOM ("지점코드","호실번호","전화번호") values ('104',1003,'1041003');
Insert into ROOM ("지점코드","호실번호","전화번호") values ('105',1001,'1051001');
Insert into ROOM ("지점코드","호실번호","전화번호") values ('105',1002,'1051002');
Insert into ROOM ("지점코드","호실번호","전화번호") values ('105',1003,'1051003');
Insert into ROOM ("지점코드","호실번호","전화번호") values ('106',1001,'1061001');
Insert into ROOM ("지점코드","호실번호","전화번호") values ('106',1002,'1061002');
Insert into ROOM ("지점코드","호실번호","전화번호") values ('106',1003,'1061003');
Insert into ROOM ("지점코드","호실번호","전화번호") values ('107',1001,'1071001');
Insert into ROOM ("지점코드","호실번호","전화번호") values ('107',1002,'1071002');
Insert into ROOM ("지점코드","호실번호","전화번호") values ('107',1003,'1071003');
Insert into ROOM ("지점코드","호실번호","전화번호") values ('108',1001,'1081001');
Insert into ROOM ("지점코드","호실번호","전화번호") values ('108',1002,'1081002');
Insert into ROOM ("지점코드","호실번호","전화번호") values ('108',1003,'1081003');
Insert into ROOM ("지점코드","호실번호","전화번호") values ('109',1001,'1091001');
Insert into ROOM ("지점코드","호실번호","전화번호") values ('109',1002,'1091002');
Insert into ROOM ("지점코드","호실번호","전화번호") values ('109',1003,'1091003');
Insert into ROOM ("지점코드","호실번호","전화번호") values ('110',1001,'1101001');
Insert into ROOM ("지점코드","호실번호","전화번호") values ('110',1002,'1101002');
Insert into ROOM ("지점코드","호실번호","전화번호") values ('110',1003,'1101003');
Insert into ROOM ("지점코드","호실번호","전화번호") values ('111',1001,'1111001');
Insert into ROOM ("지점코드","호실번호","전화번호") values ('111',1002,'1111002');
Insert into ROOM ("지점코드","호실번호","전화번호") values ('111',1003,'1111003');
Insert into ROOM ("지점코드","호실번호","전화번호") values ('112',1001,'1121001');
Insert into ROOM ("지점코드","호실번호","전화번호") values ('112',1002,'1121002');
Insert into ROOM ("지점코드","호실번호","전화번호") values ('112',1003,'1121003');
Insert into ROOM ("지점코드","호실번호","전화번호") values ('113',1001,'1131001');
Insert into ROOM ("지점코드","호실번호","전화번호") values ('113',1002,'1131002');
Insert into ROOM ("지점코드","호실번호","전화번호") values ('113',1003,'1131003');
Insert into ROOM ("지점코드","호실번호","전화번호") values ('114',1001,'1141001');
Insert into ROOM ("지점코드","호실번호","전화번호") values ('114',1002,'1141002');
Insert into ROOM ("지점코드","호실번호","전화번호") values ('114',1003,'1141003');
Insert into ROOM ("지점코드","호실번호","전화번호") values ('115',1001,'1151001');
Insert into ROOM ("지점코드","호실번호","전화번호") values ('115',1002,'1151002');
Insert into ROOM ("지점코드","호실번호","전화번호") values ('115',1003,'1151003');
Insert into ROOM ("지점코드","호실번호","전화번호") values ('116',1001,'1161001');
Insert into ROOM ("지점코드","호실번호","전화번호") values ('116',1002,'1161002');
Insert into ROOM ("지점코드","호실번호","전화번호") values ('116',1003,'1161103');
Insert into ROOM ("지점코드","호실번호","전화번호") values ('117',1001,'1171001');
Insert into ROOM ("지점코드","호실번호","전화번호") values ('117',1002,'1171002');
Insert into ROOM ("지점코드","호실번호","전화번호") values ('117',1003,'1171003');
Insert into ROOM ("지점코드","호실번호","전화번호") values ('118',1001,'1181001');
Insert into ROOM ("지점코드","호실번호","전화번호") values ('118',1002,'1181002');
Insert into ROOM ("지점코드","호실번호","전화번호") values ('118',1003,'1181003');
Insert into ROOM ("지점코드","호실번호","전화번호") values ('119',1001,'1191001');
Insert into ROOM ("지점코드","호실번호","전화번호") values ('119',1002,'1191002');
Insert into ROOM ("지점코드","호실번호","전화번호") values ('119',1003,'1191003');
Insert into ROOM ("지점코드","호실번호","전화번호") values ('120',1001,'1201001');
Insert into ROOM ("지점코드","호실번호","전화번호") values ('120',1002,'1201002');
Insert into ROOM ("지점코드","호실번호","전화번호") values ('120',1003,'1201003');
Insert into ROOM ("지점코드","호실번호","전화번호") values ('121',1001,'1211001');
Insert into ROOM ("지점코드","호실번호","전화번호") values ('121',1002,'1211002');
Insert into ROOM ("지점코드","호실번호","전화번호") values ('121',1003,'1211003');
Insert into ROOM ("지점코드","호실번호","전화번호") values ('122',1001,'1221001');
Insert into ROOM ("지점코드","호실번호","전화번호") values ('122',1002,'1221002');
Insert into ROOM ("지점코드","호실번호","전화번호") values ('122',1003,'1221003');
Insert into ROOM ("지점코드","호실번호","전화번호") values ('123',1001,'1231001');
Insert into ROOM ("지점코드","호실번호","전화번호") values ('123',1002,'1231002');
Insert into ROOM ("지점코드","호실번호","전화번호") values ('123',1003,'1231003');
Insert into ROOM ("지점코드","호실번호","전화번호") values ('124',1001,'1241001');
Insert into ROOM ("지점코드","호실번호","전화번호") values ('124',1002,'1241002');
Insert into ROOM ("지점코드","호실번호","전화번호") values ('124',1003,'1241003');
Insert into ROOM ("지점코드","호실번호","전화번호") values ('125',1001,'1251001');
Insert into ROOM ("지점코드","호실번호","전화번호") values ('125',1002,'1251002');
Insert into ROOM ("지점코드","호실번호","전화번호") values ('125',1003,'1251003');
Insert into ROOM ("지점코드","호실번호","전화번호") values ('126',1001,'1261001');
Insert into ROOM ("지점코드","호실번호","전화번호") values ('126',1002,'1261002');
Insert into ROOM ("지점코드","호실번호","전화번호") values ('126',1003,'1261003');
Insert into ROOM ("지점코드","호실번호","전화번호") values ('127',1001,'1271001');
Insert into ROOM ("지점코드","호실번호","전화번호") values ('127',1002,'1271002');
Insert into ROOM ("지점코드","호실번호","전화번호") values ('127',1003,'1271003');
Insert into ROOM ("지점코드","호실번호","전화번호") values ('128',1001,'1281001');
Insert into ROOM ("지점코드","호실번호","전화번호") values ('128',1002,'1281002');
Insert into ROOM ("지점코드","호실번호","전화번호") values ('128',1003,'1281003');
Insert into ROOM ("지점코드","호실번호","전화번호") values ('129',1001,'1291001');
Insert into ROOM ("지점코드","호실번호","전화번호") values ('129',1002,'1291002');
Insert into ROOM ("지점코드","호실번호","전화번호") values ('129',1003,'1291003');
Insert into ROOM ("지점코드","호실번호","전화번호") values ('130',1001,'1301001');
Insert into ROOM ("지점코드","호실번호","전화번호") values ('130',1002,'1301002');
Insert into ROOM ("지점코드","호실번호","전화번호") values ('130',1003,'1301003');
Insert into ROOM ("지점코드","호실번호","전화번호") values ('131',1001,'1311001');
Insert into ROOM ("지점코드","호실번호","전화번호") values ('131',1002,'1311002');
Insert into ROOM ("지점코드","호실번호","전화번호") values ('131',1003,'1311003');
Insert into ROOM ("지점코드","호실번호","전화번호") values ('132',1001,'1321001');
Insert into ROOM ("지점코드","호실번호","전화번호") values ('132',1002,'1321002');
Insert into ROOM ("지점코드","호실번호","전화번호") values ('132',1003,'1321003');
Insert into ROOM ("지점코드","호실번호","전화번호") values ('133',1001,'1331001');
Insert into ROOM ("지점코드","호실번호","전화번호") values ('133',1002,'1331002');
Insert into ROOM ("지점코드","호실번호","전화번호") values ('133',1003,'1331003');
Insert into ROOM ("지점코드","호실번호","전화번호") values ('134',1001,'1341001');
Insert into ROOM ("지점코드","호실번호","전화번호") values ('134',1002,'1341002');
Insert into ROOM ("지점코드","호실번호","전화번호") values ('134',1003,'1341003');
Insert into ROOM ("지점코드","호실번호","전화번호") values ('135',1001,'1351001');
Insert into ROOM ("지점코드","호실번호","전화번호") values ('135',1002,'1351002');
Insert into ROOM ("지점코드","호실번호","전화번호") values ('135',1003,'1351003');
Insert into ROOM ("지점코드","호실번호","전화번호") values ('136',1001,'1361001');
Insert into ROOM ("지점코드","호실번호","전화번호") values ('136',1002,'1361002');
Insert into ROOM ("지점코드","호실번호","전화번호") values ('136',1003,'1361003');
Insert into ROOM ("지점코드","호실번호","전화번호") values ('137',1001,'1371001');
Insert into ROOM ("지점코드","호실번호","전화번호") values ('137',1002,'1371002');
Insert into ROOM ("지점코드","호실번호","전화번호") values ('137',1003,'1371003');
Insert into ROOM ("지점코드","호실번호","전화번호") values ('138',1001,'1381001');
Insert into ROOM ("지점코드","호실번호","전화번호") values ('138',1002,'1381002');
Insert into ROOM ("지점코드","호실번호","전화번호") values ('138',1003,'1381003');
Insert into ROOM ("지점코드","호실번호","전화번호") values ('139',1001,'1391001');
Insert into ROOM ("지점코드","호실번호","전화번호") values ('139',1002,'1391002');
Insert into ROOM ("지점코드","호실번호","전화번호") values ('139',1003,'1391003');
Insert into ROOM ("지점코드","호실번호","전화번호") values ('140',1001,'1401001');
Insert into ROOM ("지점코드","호실번호","전화번호") values ('140',1002,'1401002');
Insert into ROOM ("지점코드","호실번호","전화번호") values ('140',1003,'1401003');
Insert into ROOM ("지점코드","호실번호","전화번호") values ('141',1001,'1411001');
Insert into ROOM ("지점코드","호실번호","전화번호") values ('141',1002,'1411002');
Insert into ROOM ("지점코드","호실번호","전화번호") values ('141',1003,'1411003');
Insert into ROOM ("지점코드","호실번호","전화번호") values ('142',1001,'1421001');
Insert into ROOM ("지점코드","호실번호","전화번호") values ('142',1002,'1421002');
Insert into ROOM ("지점코드","호실번호","전화번호") values ('142',1003,'1421003');
Insert into ROOM ("지점코드","호실번호","전화번호") values ('143',1001,'1431001');
Insert into ROOM ("지점코드","호실번호","전화번호") values ('143',1002,'1431002');
Insert into ROOM ("지점코드","호실번호","전화번호") values ('143',1003,'1431003');
Insert into ROOM ("지점코드","호실번호","전화번호") values ('144',1001,'1441001');
Insert into ROOM ("지점코드","호실번호","전화번호") values ('144',1002,'1441002');
Insert into ROOM ("지점코드","호실번호","전화번호") values ('144',1003,'1441003');
Insert into ROOM ("지점코드","호실번호","전화번호") values ('145',1001,'1451001');
Insert into ROOM ("지점코드","호실번호","전화번호") values ('145',1002,'1451002');
Insert into ROOM ("지점코드","호실번호","전화번호") values ('145',1003,'1451003');
Insert into ROOM ("지점코드","호실번호","전화번호") values ('146',1001,'1461001');
Insert into ROOM ("지점코드","호실번호","전화번호") values ('146',1002,'1461002');
Insert into ROOM ("지점코드","호실번호","전화번호") values ('146',1003,'1461003');
Insert into ROOM ("지점코드","호실번호","전화번호") values ('147',1001,'1471001');
Insert into ROOM ("지점코드","호실번호","전화번호") values ('147',1002,'1471002');
Insert into ROOM ("지점코드","호실번호","전화번호") values ('147',1003,'1471003');
Insert into ROOM ("지점코드","호실번호","전화번호") values ('148',1001,'1481001');
Insert into ROOM ("지점코드","호실번호","전화번호") values ('148',1002,'1481002');
Insert into ROOM ("지점코드","호실번호","전화번호") values ('148',1003,'1481003');
Insert into ROOM ("지점코드","호실번호","전화번호") values ('149',1001,'1491001');
Insert into ROOM ("지점코드","호실번호","전화번호") values ('149',1002,'1491002');
Insert into ROOM ("지점코드","호실번호","전화번호") values ('149',1003,'1491003');
Insert into ROOM ("지점코드","호실번호","전화번호") values ('150',1001,'1501001');
Insert into ROOM ("지점코드","호실번호","전화번호") values ('150',1002,'1501002');
Insert into ROOM ("지점코드","호실번호","전화번호") values ('150',1003,'1501003');

Insert into SALARY ("급여일자","금액","알바생번호","지급여부") values (to_date('23/07/10','RR/MM/DD'),153920,'00000007','X');
Insert into SALARY ("급여일자","금액","알바생번호","지급여부") values (to_date('23/01/10','RR/MM/DD'),67532,'00000002','O');
Insert into SALARY ("급여일자","금액","알바생번호","지급여부") values (to_date('23/01/10','RR/MM/DD'),39250,'00000003','O');
Insert into SALARY ("급여일자","금액","알바생번호","지급여부") values (to_date('23/01/10','RR/MM/DD'),105531,'00000004','O');
Insert into SALARY ("급여일자","금액","알바생번호","지급여부") values (to_date('23/01/10','RR/MM/DD'),40981,'00000005','O');
Insert into SALARY ("급여일자","금액","알바생번호","지급여부") values (to_date('23/01/10','RR/MM/DD'),118518,'00000006','O');
Insert into SALARY ("급여일자","금액","알바생번호","지급여부") values (to_date('23/01/10','RR/MM/DD'),101010,'00000007','O');
Insert into SALARY ("급여일자","금액","알바생번호","지급여부") values (to_date('23/01/10','RR/MM/DD'),195190,'00000008','O');
Insert into SALARY ("급여일자","금액","알바생번호","지급여부") values (to_date('23/01/10','RR/MM/DD'),110630,'00000009','O');
Insert into SALARY ("급여일자","금액","알바생번호","지급여부") values (to_date('23/01/10','RR/MM/DD'),39153,'00000010','O');
Insert into SALARY ("급여일자","금액","알바생번호","지급여부") values (to_date('23/02/10','RR/MM/DD'),38769,'00000001','O');
Insert into SALARY ("급여일자","금액","알바생번호","지급여부") values (to_date('23/02/10','RR/MM/DD'),66859,'00000002','O');
Insert into SALARY ("급여일자","금액","알바생번호","지급여부") values (to_date('23/02/10','RR/MM/DD'),49351,'00000003','O');
Insert into SALARY ("급여일자","금액","알바생번호","지급여부") values (to_date('23/02/10','RR/MM/DD'),53872,'00000004','O');
Insert into SALARY ("급여일자","금액","알바생번호","지급여부") values (to_date('23/02/10','RR/MM/DD'),null,'00000005','O');
Insert into SALARY ("급여일자","금액","알바생번호","지급여부") values (to_date('23/02/10','RR/MM/DD'),200577,'00000006','O');
Insert into SALARY ("급여일자","금액","알바생번호","지급여부") values (to_date('23/02/10','RR/MM/DD'),null,'00000007','O');
Insert into SALARY ("급여일자","금액","알바생번호","지급여부") values (to_date('23/02/10','RR/MM/DD'),68013,'00000008','O');
Insert into SALARY ("급여일자","금액","알바생번호","지급여부") values (to_date('23/02/10','RR/MM/DD'),54449,'00000009','O');
Insert into SALARY ("급여일자","금액","알바생번호","지급여부") values (to_date('23/02/10','RR/MM/DD'),null,'00000010','O');
Insert into SALARY ("급여일자","금액","알바생번호","지급여부") values (to_date('23/01/15','RR/MM/DD'),43386,'00000011','O');
Insert into SALARY ("급여일자","금액","알바생번호","지급여부") values (to_date('23/01/15','RR/MM/DD'),140356,'00000012','O');
Insert into SALARY ("급여일자","금액","알바생번호","지급여부") values (to_date('23/01/15','RR/MM/DD'),null,'00000013','O');
Insert into SALARY ("급여일자","금액","알바생번호","지급여부") values (to_date('23/01/15','RR/MM/DD'),136412,'00000014','O');
Insert into SALARY ("급여일자","금액","알바생번호","지급여부") values (to_date('23/01/15','RR/MM/DD'),null,'00000015','O');
Insert into SALARY ("급여일자","금액","알바생번호","지급여부") values (to_date('23/01/15','RR/MM/DD'),39153,'00000016','O');
Insert into SALARY ("급여일자","금액","알바생번호","지급여부") values (to_date('23/01/15','RR/MM/DD'),null,'00000017','O');
Insert into SALARY ("급여일자","금액","알바생번호","지급여부") values (to_date('23/01/15','RR/MM/DD'),126888,'00000018','O');
Insert into SALARY ("급여일자","금액","알바생번호","지급여부") values (to_date('23/01/15','RR/MM/DD'),null,'00000019','O');
Insert into SALARY ("급여일자","금액","알바생번호","지급여부") values (to_date('23/01/15','RR/MM/DD'),69745,'00000020','O');
Insert into SALARY ("급여일자","금액","알바생번호","지급여부") values (to_date('23/02/15','RR/MM/DD'),127273,'00000020','O');
Insert into SALARY ("급여일자","금액","알바생번호","지급여부") values (to_date('23/02/15','RR/MM/DD'),58586,'00000019','O');
Insert into SALARY ("급여일자","금액","알바생번호","지급여부") values (to_date('23/02/15','RR/MM/DD'),161039,'00000018','O');
Insert into SALARY ("급여일자","금액","알바생번호","지급여부") values (to_date('23/02/15','RR/MM/DD'),48773,'00000017','O');
Insert into SALARY ("급여일자","금액","알바생번호","지급여부") values (to_date('23/02/15','RR/MM/DD'),47138,'00000016','O');
Insert into SALARY ("급여일자","금액","알바생번호","지급여부") values (to_date('23/02/15','RR/MM/DD'),99663,'00000015','O');
Insert into SALARY ("급여일자","금액","알바생번호","지급여부") values (to_date('23/02/15','RR/MM/DD'),null,'00000014','O');
Insert into SALARY ("급여일자","금액","알바생번호","지급여부") values (to_date('23/02/15','RR/MM/DD'),null,'00000013','O');
Insert into SALARY ("급여일자","금액","알바생번호","지급여부") values (to_date('23/02/15','RR/MM/DD'),53102,'00000012','O');
Insert into SALARY ("급여일자","금액","알바생번호","지급여부") values (to_date('23/02/15','RR/MM/DD'),null,'00000011','O');
Insert into SALARY ("급여일자","금액","알바생번호","지급여부") values (to_date('23/01/10','RR/MM/DD'),null,'00000001','O');
Insert into SALARY ("급여일자","금액","알바생번호","지급여부") values (to_date('23/01/17','RR/MM/DD'),61760,'00000021','O');
Insert into SALARY ("급여일자","금액","알바생번호","지급여부") values (to_date('23/01/17','RR/MM/DD'),305050,'00000022','O');
Insert into SALARY ("급여일자","금액","알바생번호","지급여부") values (to_date('23/01/17','RR/MM/DD'),null,'00000023','O');
Insert into SALARY ("급여일자","금액","알바생번호","지급여부") values (to_date('23/01/17','RR/MM/DD'),null,'00000024','O');
Insert into SALARY ("급여일자","금액","알바생번호","지급여부") values (to_date('23/01/17','RR/MM/DD'),null,'00000025','O');
Insert into SALARY ("급여일자","금액","알바생번호","지급여부") values (to_date('23/01/17','RR/MM/DD'),193362,'00000026','O');
Insert into SALARY ("급여일자","금액","알바생번호","지급여부") values (to_date('23/01/17','RR/MM/DD'),127850,'00000027','O');
Insert into SALARY ("급여일자","금액","알바생번호","지급여부") values (to_date('23/01/17','RR/MM/DD'),69553,'00000028','O');
Insert into SALARY ("급여일자","금액","알바생번호","지급여부") values (to_date('23/01/17','RR/MM/DD'),73882,'00000029','O');
Insert into SALARY ("급여일자","금액","알바생번호","지급여부") values (to_date('23/01/17','RR/MM/DD'),71188,'00000030','O');
Insert into SALARY ("급여일자","금액","알바생번호","지급여부") values (to_date('23/02/17','RR/MM/DD'),null,'00000030','O');
Insert into SALARY ("급여일자","금액","알바생번호","지급여부") values (to_date('23/02/17','RR/MM/DD'),107359,'00000029','O');
Insert into SALARY ("급여일자","금액","알바생번호","지급여부") values (to_date('23/02/17','RR/MM/DD'),103992,'00000028','O');
Insert into SALARY ("급여일자","금액","알바생번호","지급여부") values (to_date('23/02/17','RR/MM/DD'),109572,'00000027','O');
Insert into SALARY ("급여일자","금액","알바생번호","지급여부") values (to_date('23/02/17','RR/MM/DD'),118230,'00000026','O');
Insert into SALARY ("급여일자","금액","알바생번호","지급여부") values (to_date('23/02/17','RR/MM/DD'),59067,'00000025','O');
Insert into SALARY ("급여일자","금액","알바생번호","지급여부") values (to_date('23/02/17','RR/MM/DD'),54449,'00000024','O');
Insert into SALARY ("급여일자","금액","알바생번호","지급여부") values (to_date('23/02/17','RR/MM/DD'),null,'00000023','O');
Insert into SALARY ("급여일자","금액","알바생번호","지급여부") values (to_date('23/02/17','RR/MM/DD'),124483,'00000022','O');
Insert into SALARY ("급여일자","금액","알바생번호","지급여부") values (to_date('23/02/17','RR/MM/DD'),44348,'00000021','O');
Insert into SALARY ("급여일자","금액","알바생번호","지급여부") values (to_date('23/01/13','RR/MM/DD'),44444,'00000031','O');
Insert into SALARY ("급여일자","금액","알바생번호","지급여부") values (to_date('23/01/13','RR/MM/DD'),41655,'00000032','O');
Insert into SALARY ("급여일자","금액","알바생번호","지급여부") values (to_date('23/01/13','RR/MM/DD'),null,'00000033','O');
Insert into SALARY ("급여일자","금액","알바생번호","지급여부") values (to_date('23/01/13','RR/MM/DD'),97066,'00000034','O');
Insert into SALARY ("급여일자","금액","알바생번호","지급여부") values (to_date('23/01/13','RR/MM/DD'),188937,'00000035','O');
Insert into SALARY ("급여일자","금액","알바생번호","지급여부") values (to_date('23/01/13','RR/MM/DD'),69553,'00000036','O');
Insert into SALARY ("급여일자","금액","알바생번호","지급여부") values (to_date('23/01/13','RR/MM/DD'),41655,'00000037','O');
Insert into SALARY ("급여일자","금액","알바생번호","지급여부") values (to_date('23/01/13','RR/MM/DD'),null,'00000039','O');
Insert into SALARY ("급여일자","금액","알바생번호","지급여부") values (to_date('23/01/13','RR/MM/DD'),50601,'00000040','O');
Insert into SALARY ("급여일자","금액","알바생번호","지급여부") values (to_date('23/02/13','RR/MM/DD'),46368,'00000040','X');
Insert into SALARY ("급여일자","금액","알바생번호","지급여부") values (to_date('23/02/13','RR/MM/DD'),null,'00000037','X');
Insert into SALARY ("급여일자","금액","알바생번호","지급여부") values (to_date('23/02/13','RR/MM/DD'),null,'00000039','O');
Insert into SALARY ("급여일자","금액","알바생번호","지급여부") values (to_date('23/02/13','RR/MM/DD'),64935,'00000038','O');
Insert into SALARY ("급여일자","금액","알바생번호","지급여부") values (to_date('23/02/13','RR/MM/DD'),null,'00000036','X');
Insert into SALARY ("급여일자","금액","알바생번호","지급여부") values (to_date('23/02/13','RR/MM/DD'),null,'00000035','O');
Insert into SALARY ("급여일자","금액","알바생번호","지급여부") values (to_date('23/02/13','RR/MM/DD'),null,'00000034','O');
Insert into SALARY ("급여일자","금액","알바생번호","지급여부") values (to_date('23/02/13','RR/MM/DD'),64550,'00000033','X');
Insert into SALARY ("급여일자","금액","알바생번호","지급여부") values (to_date('23/02/13','RR/MM/DD'),64550,'00000032','X');
Insert into SALARY ("급여일자","금액","알바생번호","지급여부") values (to_date('23/02/13','RR/MM/DD'),126792,'00000031','O');
Insert into SALARY ("급여일자","금액","알바생번호","지급여부") values (to_date('23/01/20','RR/MM/DD'),76768,'00000041','O');
Insert into SALARY ("급여일자","금액","알바생번호","지급여부") values (to_date('23/01/20','RR/MM/DD'),186532,'00000042','O');
Insert into SALARY ("급여일자","금액","알바생번호","지급여부") values (to_date('23/01/20','RR/MM/DD'),68879,'00000043','O');
Insert into SALARY ("급여일자","금액","알바생번호","지급여부") values (to_date('23/01/20','RR/MM/DD'),null,'00000044','O');
Insert into SALARY ("급여일자","금액","알바생번호","지급여부") values (to_date('23/01/20','RR/MM/DD'),null,'00000045','O');
Insert into SALARY ("급여일자","금액","알바생번호","지급여부") values (to_date('23/01/20','RR/MM/DD'),null,'00000046','O');
Insert into SALARY ("급여일자","금액","알바생번호","지급여부") values (to_date('23/01/20','RR/MM/DD'),null,'00000047','O');
Insert into SALARY ("급여일자","금액","알바생번호","지급여부") values (to_date('23/01/20','RR/MM/DD'),null,'00000048','O');
Insert into SALARY ("급여일자","금액","알바생번호","지급여부") values (to_date('23/01/20','RR/MM/DD'),65127,'00000049','O');
Insert into SALARY ("급여일자","금액","알바생번호","지급여부") values (to_date('23/02/20','RR/MM/DD'),114767,'00000049','X');
Insert into SALARY ("급여일자","금액","알바생번호","지급여부") values (to_date('23/02/20','RR/MM/DD'),163348,'00000048','X');
Insert into SALARY ("급여일자","금액","알바생번호","지급여부") values (to_date('23/02/20','RR/MM/DD'),null,'00000047','X');
Insert into SALARY ("급여일자","금액","알바생번호","지급여부") values (to_date('23/02/20','RR/MM/DD'),72150,'00000046','X');
Insert into SALARY ("급여일자","금액","알바생번호","지급여부") values (to_date('23/02/20','RR/MM/DD'),162578,'00000045','O');
Insert into SALARY ("급여일자","금액","알바생번호","지급여부") values (to_date('23/02/20','RR/MM/DD'),130351,'00000044','X');
Insert into SALARY ("급여일자","금액","알바생번호","지급여부") values (to_date('23/02/20','RR/MM/DD'),101683,'00000043','O');
Insert into SALARY ("급여일자","금액","알바생번호","지급여부") values (to_date('23/02/20','RR/MM/DD'),null,'00000042','X');
Insert into SALARY ("급여일자","금액","알바생번호","지급여부") values (to_date('23/02/20','RR/MM/DD'),null,'00000041','X');
Insert into SALARY ("급여일자","금액","알바생번호","지급여부") values (to_date('23/02/20','RR/MM/DD'),102645,'00000050','X');
Insert into SALARY ("급여일자","금액","알바생번호","지급여부") values (to_date('23/01/20','RR/MM/DD'),201058,'00000050','O');
Insert into SALARY ("급여일자","금액","알바생번호","지급여부") values (to_date('23/01/13','RR/MM/DD'),43386,'00000038','O');
Insert into SALARY ("급여일자","금액","알바생번호","지급여부") values (to_date('23/03/10','RR/MM/DD'),139490,'00000001','O');
Insert into SALARY ("급여일자","금액","알바생번호","지급여부") values (to_date('23/03/10','RR/MM/DD'),43098,'00000002','O');
Insert into SALARY ("급여일자","금액","알바생번호","지급여부") values (to_date('23/03/10','RR/MM/DD'),143627,'00000003','O');
Insert into SALARY ("급여일자","금액","알바생번호","지급여부") values (to_date('23/03/10','RR/MM/DD'),null,'00000004','X');
Insert into SALARY ("급여일자","금액","알바생번호","지급여부") values (to_date('23/03/10','RR/MM/DD'),105724,'00000005','O');
Insert into SALARY ("급여일자","금액","알바생번호","지급여부") values (to_date('23/03/10','RR/MM/DD'),73785,'00000006','O');
Insert into SALARY ("급여일자","금액","알바생번호","지급여부") values (to_date('23/03/10','RR/MM/DD'),44925,'00000007','O');
Insert into SALARY ("급여일자","금액","알바생번호","지급여부") values (to_date('23/03/10','RR/MM/DD'),null,'00000008','O');
Insert into SALARY ("급여일자","금액","알바생번호","지급여부") values (to_date('23/03/10','RR/MM/DD'),null,'00000009','O');
Insert into SALARY ("급여일자","금액","알바생번호","지급여부") values (to_date('23/03/10','RR/MM/DD'),45503,'00000010','X');
Insert into SALARY ("급여일자","금액","알바생번호","지급여부") values (to_date('23/04/10','RR/MM/DD'),null,'00000010','O');
Insert into SALARY ("급여일자","금액","알바생번호","지급여부") values (to_date('23/05/10','RR/MM/DD'),138528,'00000010','O');
Insert into SALARY ("급여일자","금액","알바생번호","지급여부") values (to_date('23/04/10','RR/MM/DD'),60991,'00000009','O');
Insert into SALARY ("급여일자","금액","알바생번호","지급여부") values (to_date('23/05/10','RR/MM/DD'),99952,'00000009','X');
Insert into SALARY ("급여일자","금액","알바생번호","지급여부") values (to_date('23/04/10','RR/MM/DD'),null,'00000008','O');
Insert into SALARY ("급여일자","금액","알바생번호","지급여부") values (to_date('23/05/10','RR/MM/DD'),121116,'00000008','X');
Insert into SALARY ("급여일자","금액","알바생번호","지급여부") values (to_date('23/04/10','RR/MM/DD'),62915,'00000007','O');
Insert into SALARY ("급여일자","금액","알바생번호","지급여부") values (to_date('23/05/10','RR/MM/DD'),null,'00000007','O');
Insert into SALARY ("급여일자","금액","알바생번호","지급여부") values (to_date('23/04/10','RR/MM/DD'),108321,'00000006','O');
Insert into SALARY ("급여일자","금액","알바생번호","지급여부") values (to_date('23/05/10','RR/MM/DD'),212506,'00000006','O');
Insert into SALARY ("급여일자","금액","알바생번호","지급여부") values (to_date('23/05/10','RR/MM/DD'),50024,'00000005','X');
Insert into SALARY ("급여일자","금액","알바생번호","지급여부") values (to_date('23/04/10','RR/MM/DD'),null,'00000005','O');
Insert into SALARY ("급여일자","금액","알바생번호","지급여부") values (to_date('23/04/10','RR/MM/DD'),null,'00000004','O');
Insert into SALARY ("급여일자","금액","알바생번호","지급여부") values (to_date('23/05/10','RR/MM/DD'),138624,'00000004','X');
Insert into SALARY ("급여일자","금액","알바생번호","지급여부") values (to_date('23/05/10','RR/MM/DD'),133718,'00000003','O');
Insert into SALARY ("급여일자","금액","알바생번호","지급여부") values (to_date('23/04/10','RR/MM/DD'),109283,'00000003','X');
Insert into SALARY ("급여일자","금액","알바생번호","지급여부") values (to_date('23/04/10','RR/MM/DD'),102549,'00000002','O');
Insert into SALARY ("급여일자","금액","알바생번호","지급여부") values (to_date('23/05/10','RR/MM/DD'),null,'00000002','X');
Insert into SALARY ("급여일자","금액","알바생번호","지급여부") values (to_date('23/05/10','RR/MM/DD'),64165,'00000001','O');
Insert into SALARY ("급여일자","금액","알바생번호","지급여부") values (to_date('23/04/10','RR/MM/DD'),null,'00000001','O');
Insert into SALARY ("급여일자","금액","알바생번호","지급여부") values (to_date('23/03/15','RR/MM/DD'),113805,'00000011','O');
Insert into SALARY ("급여일자","금액","알바생번호","지급여부") values (to_date('23/03/15','RR/MM/DD'),63396,'00000012','X');
Insert into SALARY ("급여일자","금액","알바생번호","지급여부") values (to_date('23/03/15','RR/MM/DD'),null,'00000013','O');
Insert into SALARY ("급여일자","금액","알바생번호","지급여부") values (to_date('23/03/15','RR/MM/DD'),143723,'00000014','O');
Insert into SALARY ("급여일자","금액","알바생번호","지급여부") values (to_date('23/03/15','RR/MM/DD'),57528,'00000015','X');
Insert into SALARY ("급여일자","금액","알바생번호","지급여부") values (to_date('23/03/15','RR/MM/DD'),null,'00000016','O');
Insert into SALARY ("급여일자","금액","알바생번호","지급여부") values (to_date('23/03/15','RR/MM/DD'),null,'00000017','O');
Insert into SALARY ("급여일자","금액","알바생번호","지급여부") values (to_date('23/03/15','RR/MM/DD'),49639,'00000018','O');
Insert into SALARY ("급여일자","금액","알바생번호","지급여부") values (to_date('23/03/15','RR/MM/DD'),70130,'00000019','X');
Insert into SALARY ("급여일자","금액","알바생번호","지급여부") values (to_date('23/03/15','RR/MM/DD'),133814,'00000020','O');
Insert into SALARY ("급여일자","금액","알바생번호","지급여부") values (to_date('23/04/15','RR/MM/DD'),180567,'00000020','O');
Insert into SALARY ("급여일자","금액","알바생번호","지급여부") values (to_date('23/04/15','RR/MM/DD'),58201,'00000019','O');
Insert into SALARY ("급여일자","금액","알바생번호","지급여부") values (to_date('23/04/15','RR/MM/DD'),101876,'00000018','X');
Insert into SALARY ("급여일자","금액","알바생번호","지급여부") values (to_date('23/04/15','RR/MM/DD'),151996,'00000017','O');
Insert into SALARY ("급여일자","금액","알바생번호","지급여부") values (to_date('23/04/15','RR/MM/DD'),null,'00000016','X');
Insert into SALARY ("급여일자","금액","알바생번호","지급여부") values (to_date('23/04/15','RR/MM/DD'),null,'00000015','O');
Insert into SALARY ("급여일자","금액","알바생번호","지급여부") values (to_date('23/04/15','RR/MM/DD'),103607,'00000014','O');
Insert into SALARY ("급여일자","금액","알바생번호","지급여부") values (to_date('23/04/15','RR/MM/DD'),223954,'00000013','O');
Insert into SALARY ("급여일자","금액","알바생번호","지급여부") values (to_date('23/04/15','RR/MM/DD'),196056,'00000012','X');
Insert into SALARY ("급여일자","금액","알바생번호","지급여부") values (to_date('23/04/15','RR/MM/DD'),null,'00000011','O');
Insert into SALARY ("급여일자","금액","알바생번호","지급여부") values (to_date('23/05/15','RR/MM/DD'),131505,'00000011','O');
Insert into SALARY ("급여일자","금액","알바생번호","지급여부") values (to_date('23/05/15','RR/MM/DD'),127176,'00000012','O');
Insert into SALARY ("급여일자","금액","알바생번호","지급여부") values (to_date('23/05/15','RR/MM/DD'),48966,'00000013','O');
Insert into SALARY ("급여일자","금액","알바생번호","지급여부") values (to_date('23/05/15','RR/MM/DD'),132756,'00000014','O');
Insert into SALARY ("급여일자","금액","알바생번호","지급여부") values (to_date('23/05/15','RR/MM/DD'),57624,'00000015','O');
Insert into SALARY ("급여일자","금액","알바생번호","지급여부") values (to_date('23/05/15','RR/MM/DD'),127754,'00000016','O');
Insert into SALARY ("급여일자","금액","알바생번호","지급여부") values (to_date('23/05/15','RR/MM/DD'),58778,'00000017','X');
Insert into SALARY ("급여일자","금액","알바생번호","지급여부") values (to_date('23/05/15','RR/MM/DD'),65897,'00000018','O');
Insert into SALARY ("급여일자","금액","알바생번호","지급여부") values (to_date('23/05/15','RR/MM/DD'),null,'00000019','O');
Insert into SALARY ("급여일자","금액","알바생번호","지급여부") values (to_date('23/05/15','RR/MM/DD'),122751,'00000020','O');
Insert into SALARY ("급여일자","금액","알바생번호","지급여부") values (to_date('23/03/17','RR/MM/DD'),null,'00000021','O');
Insert into SALARY ("급여일자","금액","알바생번호","지급여부") values (to_date('23/03/17','RR/MM/DD'),115248,'00000022','O');
Insert into SALARY ("급여일자","금액","알바생번호","지급여부") values (to_date('23/03/17','RR/MM/DD'),null,'00000023','O');
Insert into SALARY ("급여일자","금액","알바생번호","지급여부") values (to_date('23/03/17','RR/MM/DD'),245214,'00000024','O');
Insert into SALARY ("급여일자","금액","알바생번호","지급여부") values (to_date('23/03/17','RR/MM/DD'),70707,'00000025','O');
Insert into SALARY ("급여일자","금액","알바생번호","지급여부") values (to_date('23/03/17','RR/MM/DD'),118422,'00000026','O');
Insert into SALARY ("급여일자","금액","알바생번호","지급여부") values (to_date('23/03/17','RR/MM/DD'),null,'00000027','O');
Insert into SALARY ("급여일자","금액","알바생번호","지급여부") values (to_date('23/03/17','RR/MM/DD'),44252,'00000029','O');
Insert into SALARY ("급여일자","금액","알바생번호","지급여부") values (to_date('23/03/17','RR/MM/DD'),108033,'00000030','O');
Insert into SALARY ("급여일자","금액","알바생번호","지급여부") values (to_date('23/04/17','RR/MM/DD'),38961,'00000030','X');
Insert into SALARY ("급여일자","금액","알바생번호","지급여부") values (to_date('23/04/17','RR/MM/DD'),117460,'00000029','O');
Insert into SALARY ("급여일자","금액","알바생번호","지급여부") values (to_date('23/04/17','RR/MM/DD'),null,'00000028','X');
Insert into SALARY ("급여일자","금액","알바생번호","지급여부") values (to_date('23/04/17','RR/MM/DD'),null,'00000027','O');
Insert into SALARY ("급여일자","금액","알바생번호","지급여부") values (to_date('23/04/17','RR/MM/DD'),null,'00000026','X');
Insert into SALARY ("급여일자","금액","알바생번호","지급여부") values (to_date('23/04/17','RR/MM/DD'),null,'00000025','X');
Insert into SALARY ("급여일자","금액","알바생번호","지급여부") values (to_date('23/04/17','RR/MM/DD'),136412,'00000024','O');
Insert into SALARY ("급여일자","금액","알바생번호","지급여부") values (to_date('23/04/17','RR/MM/DD'),null,'00000023','X');
Insert into SALARY ("급여일자","금액","알바생번호","지급여부") values (to_date('23/04/17','RR/MM/DD'),136412,'00000022','X');
Insert into SALARY ("급여일자","금액","알바생번호","지급여부") values (to_date('23/04/17','RR/MM/DD'),62819,'00000021','O');
Insert into SALARY ("급여일자","금액","알바생번호","지급여부") values (to_date('23/05/17','RR/MM/DD'),61568,'00000021','X');
Insert into SALARY ("급여일자","금액","알바생번호","지급여부") values (to_date('23/05/17','RR/MM/DD'),130159,'00000022','O');
Insert into SALARY ("급여일자","금액","알바생번호","지급여부") values (to_date('23/05/17','RR/MM/DD'),null,'00000023','X');
Insert into SALARY ("급여일자","금액","알바생번호","지급여부") values (to_date('23/05/17','RR/MM/DD'),99952,'00000024','X');
Insert into SALARY ("급여일자","금액","알바생번호","지급여부") values (to_date('23/05/17','RR/MM/DD'),null,'00000025','O');
Insert into SALARY ("급여일자","금액","알바생번호","지급여부") values (to_date('23/05/17','RR/MM/DD'),56469,'00000026','X');
Insert into SALARY ("급여일자","금액","알바생번호","지급여부") values (to_date('23/05/17','RR/MM/DD'),null,'00000027','X');
Insert into SALARY ("급여일자","금액","알바생번호","지급여부") values (to_date('23/05/17','RR/MM/DD'),61953,'00000028','O');
Insert into SALARY ("급여일자","금액","알바생번호","지급여부") values (to_date('23/05/17','RR/MM/DD'),76383,'00000029','X');
Insert into SALARY ("급여일자","금액","알바생번호","지급여부") values (to_date('23/05/17','RR/MM/DD'),110630,'00000030','O');
Insert into SALARY ("급여일자","금액","알바생번호","지급여부") values (to_date('23/03/13','RR/MM/DD'),86484,'00000031','X');
Insert into SALARY ("급여일자","금액","알바생번호","지급여부") values (to_date('23/03/13','RR/MM/DD'),null,'00000032','X');
Insert into SALARY ("급여일자","금액","알바생번호","지급여부") values (to_date('23/03/13','RR/MM/DD'),60317,'00000033','O');
Insert into SALARY ("급여일자","금액","알바생번호","지급여부") values (to_date('23/03/13','RR/MM/DD'),96200,'00000034','X');
Insert into SALARY ("급여일자","금액","알바생번호","지급여부") values (to_date('23/03/13','RR/MM/DD'),null,'00000035','O');
Insert into SALARY ("급여일자","금액","알바생번호","지급여부") values (to_date('23/03/13','RR/MM/DD'),null,'00000036','O');
Insert into SALARY ("급여일자","금액","알바생번호","지급여부") values (to_date('23/03/13','RR/MM/DD'),141703,'00000037','X');
Insert into SALARY ("급여일자","금액","알바생번호","지급여부") values (to_date('23/03/13','RR/MM/DD'),76094,'00000038','O');
Insert into SALARY ("급여일자","금액","알바생번호","지급여부") values (to_date('23/03/13','RR/MM/DD'),48292,'00000039','X');
Insert into SALARY ("급여일자","금액","알바생번호","지급여부") values (to_date('23/03/13','RR/MM/DD'),null,'00000040','O');
Insert into SALARY ("급여일자","금액","알바생번호","지급여부") values (to_date('23/04/13','RR/MM/DD'),195575,'00000040','O');
Insert into SALARY ("급여일자","금액","알바생번호","지급여부") values (to_date('23/04/13','RR/MM/DD'),50697,'00000039','X');
Insert into SALARY ("급여일자","금액","알바생번호","지급여부") values (to_date('23/04/13','RR/MM/DD'),null,'00000038','X');
Insert into SALARY ("급여일자","금액","알바생번호","지급여부") values (to_date('23/04/13','RR/MM/DD'),161905,'00000037','X');
Insert into SALARY ("급여일자","금액","알바생번호","지급여부") values (to_date('23/04/13','RR/MM/DD'),null,'00000036','X');
Insert into SALARY ("급여일자","금액","알바생번호","지급여부") values (to_date('23/04/13','RR/MM/DD'),129678,'00000035','X');
Insert into SALARY ("급여일자","금액","알바생번호","지급여부") values (to_date('23/04/13','RR/MM/DD'),null,'00000034','X');
Insert into SALARY ("급여일자","금액","알바생번호","지급여부") values (to_date('23/04/13','RR/MM/DD'),182010,'00000033','X');
Insert into SALARY ("급여일자","금액","알바생번호","지급여부") values (to_date('23/04/13','RR/MM/DD'),null,'00000032','X');
Insert into SALARY ("급여일자","금액","알바생번호","지급여부") values (to_date('23/04/13','RR/MM/DD'),53583,'00000031','X');
Insert into SALARY ("급여일자","금액","알바생번호","지급여부") values (to_date('23/05/13','RR/MM/DD'),58778,'00000031','X');
Insert into SALARY ("급여일자","금액","알바생번호","지급여부") values (to_date('23/05/13','RR/MM/DD'),null,'00000032','X');
Insert into SALARY ("급여일자","금액","알바생번호","지급여부") values (to_date('23/05/13','RR/MM/DD'),null,'00000033','X');
Insert into SALARY ("급여일자","금액","알바생번호","지급여부") values (to_date('23/05/13','RR/MM/DD'),53487,'00000034','X');
Insert into SALARY ("급여일자","금액","알바생번호","지급여부") values (to_date('23/05/13','RR/MM/DD'),103415,'00000035','X');
Insert into SALARY ("급여일자","금액","알바생번호","지급여부") values (to_date('23/05/13','RR/MM/DD'),null,'00000036','X');
Insert into SALARY ("급여일자","금액","알바생번호","지급여부") values (to_date('23/05/13','RR/MM/DD'),120539,'00000037','X');
Insert into SALARY ("급여일자","금액","알바생번호","지급여부") values (to_date('23/05/13','RR/MM/DD'),null,'00000038','X');
Insert into SALARY ("급여일자","금액","알바생번호","지급여부") values (to_date('23/05/13','RR/MM/DD'),93506,'00000039','X');
Insert into SALARY ("급여일자","금액","알바생번호","지급여부") values (to_date('23/05/13','RR/MM/DD'),106012,'00000040','X');
Insert into SALARY ("급여일자","금액","알바생번호","지급여부") values (to_date('23/03/17','RR/MM/DD'),null,'00000028','O');
Insert into SALARY ("급여일자","금액","알바생번호","지급여부") values (to_date('23/03/20','RR/MM/DD'),null,'00000041','O');
Insert into SALARY ("급여일자","금액","알바생번호","지급여부") values (to_date('23/03/20','RR/MM/DD'),74459,'00000042','O');
Insert into SALARY ("급여일자","금액","알바생번호","지급여부") values (to_date('23/03/20','RR/MM/DD'),129966,'00000043','O');
Insert into SALARY ("급여일자","금액","알바생번호","지급여부") values (to_date('23/03/20','RR/MM/DD'),null,'00000044','O');
Insert into SALARY ("급여일자","금액","알바생번호","지급여부") values (to_date('23/03/20','RR/MM/DD'),157576,'00000045','O');
Insert into SALARY ("급여일자","금액","알바생번호","지급여부") values (to_date('23/03/20','RR/MM/DD'),124290,'00000046','O');
Insert into SALARY ("급여일자","금액","알바생번호","지급여부") values (to_date('23/03/20','RR/MM/DD'),119577,'00000047','O');
Insert into SALARY ("급여일자","금액","알바생번호","지급여부") values (to_date('23/03/20','RR/MM/DD'),75806,'00000048','O');
Insert into SALARY ("급여일자","금액","알바생번호","지급여부") values (to_date('23/03/20','RR/MM/DD'),57720,'00000049','O');
Insert into SALARY ("급여일자","금액","알바생번호","지급여부") values (to_date('23/03/20','RR/MM/DD'),197595,'00000050','O');
Insert into SALARY ("급여일자","금액","알바생번호","지급여부") values (to_date('23/04/20','RR/MM/DD'),null,'00000050','X');
Insert into SALARY ("급여일자","금액","알바생번호","지급여부") values (to_date('23/04/20','RR/MM/DD'),43867,'00000051','X');
Insert into SALARY ("급여일자","금액","알바생번호","지급여부") values (to_date('23/04/20','RR/MM/DD'),114863,'00000049','X');
Insert into SALARY ("급여일자","금액","알바생번호","지급여부") values (to_date('23/04/20','RR/MM/DD'),167099,'00000048','X');
Insert into SALARY ("급여일자","금액","알바생번호","지급여부") values (to_date('23/04/20','RR/MM/DD'),null,'00000047','X');
Insert into SALARY ("급여일자","금액","알바생번호","지급여부") values (to_date('23/04/20','RR/MM/DD'),null,'00000046','X');
Insert into SALARY ("급여일자","금액","알바생번호","지급여부") values (to_date('23/04/20','RR/MM/DD'),null,'00000045','X');
Insert into SALARY ("급여일자","금액","알바생번호","지급여부") values (to_date('23/04/20','RR/MM/DD'),74651,'00000044','X');
Insert into SALARY ("급여일자","금액","알바생번호","지급여부") values (to_date('23/04/20','RR/MM/DD'),122078,'00000043','X');
Insert into SALARY ("급여일자","금액","알바생번호","지급여부") values (to_date('23/04/20','RR/MM/DD'),76383,'00000042','X');
Insert into SALARY ("급여일자","금액","알바생번호","지급여부") values (to_date('23/04/20','RR/MM/DD'),50216,'00000041','X');
Insert into SALARY ("급여일자","금액","알바생번호","지급여부") values (to_date('23/05/20','RR/MM/DD'),null,'00000041','X');
Insert into SALARY ("급여일자","금액","알바생번호","지급여부") values (to_date('23/05/20','RR/MM/DD'),72920,'00000042','X');
Insert into SALARY ("급여일자","금액","알바생번호","지급여부") values (to_date('23/05/20','RR/MM/DD'),62915,'00000043','X');
Insert into SALARY ("급여일자","금액","알바생번호","지급여부") values (to_date('23/05/20','RR/MM/DD'),null,'00000044','X');
Insert into SALARY ("급여일자","금액","알바생번호","지급여부") values (to_date('23/05/20','RR/MM/DD'),null,'00000045','X');
Insert into SALARY ("급여일자","금액","알바생번호","지급여부") values (to_date('23/05/20','RR/MM/DD'),67051,'00000046','X');
Insert into SALARY ("급여일자","금액","알바생번호","지급여부") values (to_date('23/05/20','RR/MM/DD'),249543,'00000047','X');
Insert into SALARY ("급여일자","금액","알바생번호","지급여부") values (to_date('23/05/20','RR/MM/DD'),null,'00000048','X');
Insert into SALARY ("급여일자","금액","알바생번호","지급여부") values (to_date('23/05/20','RR/MM/DD'),117653,'00000049','X');
Insert into SALARY ("급여일자","금액","알바생번호","지급여부") values (to_date('23/05/20','RR/MM/DD'),null,'00000050','X');
Insert into SALARY ("급여일자","금액","알바생번호","지급여부") values (to_date('23/05/20','RR/MM/DD'),null,'00000051','X');
Insert into SALARY ("급여일자","금액","알바생번호","지급여부") values (to_date('23/03/20','RR/MM/DD'),74459,'00000051','O');
Insert into SALARY ("급여일자","금액","알바생번호","지급여부") values (to_date('23/02/20','RR/MM/DD'),71861,'00000051','X');
Insert into SALARY ("급여일자","금액","알바생번호","지급여부") values (to_date('23/01/20','RR/MM/DD'),98413,'00000051','O');

Insert into WORKRECORD ("근무날짜","출근시간","퇴근시간","총근무시간","알바생번호") values (to_date('23/06/08','RR/MM/DD'),to_timestamp('23/06/08 09:00:00.000000000','RR/MM/DD HH24:MI:SSXFF'),to_timestamp('23/06/08 10:00:00.000000000','RR/MM/DD HH24:MI:SSXFF'),1,'00000002');
Insert into WORKRECORD ("근무날짜","출근시간","퇴근시간","총근무시간","알바생번호") values (to_date('23/06/08','RR/MM/DD'),to_timestamp('23/06/08 09:00:00.000000000','RR/MM/DD HH24:MI:SSXFF'),to_timestamp('23/06/08 21:00:00.000000000','RR/MM/DD HH24:MI:SSXFF'),12,'00000000');
Insert into WORKRECORD ("근무날짜","출근시간","퇴근시간","총근무시간","알바생번호") values (to_date('23/01/01','RR/MM/DD'),to_timestamp('23/01/01 09:19:00.000000000','RR/MM/DD HH24:MI:SSXFF'),to_timestamp('23/01/01 16:51:00.000000000','RR/MM/DD HH24:MI:SSXFF'),7.54,'00000050');
Insert into WORKRECORD ("근무날짜","출근시간","퇴근시간","총근무시간","알바생번호") values (to_date('23/01/01','RR/MM/DD'),to_timestamp('23/01/01 09:19:00.000000000','RR/MM/DD HH24:MI:SSXFF'),to_timestamp('23/01/01 16:51:00.000000000','RR/MM/DD HH24:MI:SSXFF'),7.54,'00000012');
Insert into WORKRECORD ("근무날짜","출근시간","퇴근시간","총근무시간","알바생번호") values (to_date('23/01/02','RR/MM/DD'),to_timestamp('23/01/02 22:21:00.000000000','RR/MM/DD HH24:MI:SSXFF'),to_timestamp('23/01/03 02:36:00.000000000','RR/MM/DD HH24:MI:SSXFF'),4.26,'00000005');
Insert into WORKRECORD ("근무날짜","출근시간","퇴근시간","총근무시간","알바생번호") values (to_date('23/01/02','RR/MM/DD'),to_timestamp('23/01/02 22:21:00.000000000','RR/MM/DD HH24:MI:SSXFF'),to_timestamp('23/01/03 02:36:00.000000000','RR/MM/DD HH24:MI:SSXFF'),4.26,'00000000');
Insert into WORKRECORD ("근무날짜","출근시간","퇴근시간","총근무시간","알바생번호") values (to_date('23/01/03','RR/MM/DD'),to_timestamp('23/01/03 16:50:00.000000000','RR/MM/DD HH24:MI:SSXFF'),to_timestamp('23/01/03 23:53:00.000000000','RR/MM/DD HH24:MI:SSXFF'),7.06,'00000006');
Insert into WORKRECORD ("근무날짜","출근시간","퇴근시간","총근무시간","알바생번호") values (to_date('23/01/03','RR/MM/DD'),to_timestamp('23/01/03 16:50:00.000000000','RR/MM/DD HH24:MI:SSXFF'),to_timestamp('23/01/03 23:53:00.000000000','RR/MM/DD HH24:MI:SSXFF'),7.06,'00000026');
Insert into WORKRECORD ("근무날짜","출근시간","퇴근시간","총근무시간","알바생번호") values (to_date('23/01/04','RR/MM/DD'),to_timestamp('23/01/04 12:36:00.000000000','RR/MM/DD HH24:MI:SSXFF'),to_timestamp('23/01/04 20:12:00.000000000','RR/MM/DD HH24:MI:SSXFF'),7.6,'00000035');
Insert into WORKRECORD ("근무날짜","출근시간","퇴근시간","총근무시간","알바생번호") values (to_date('23/01/04','RR/MM/DD'),to_timestamp('23/01/04 12:36:00.000000000','RR/MM/DD HH24:MI:SSXFF'),to_timestamp('23/01/04 20:12:00.000000000','RR/MM/DD HH24:MI:SSXFF'),7.6,'00000050');
Insert into WORKRECORD ("근무날짜","출근시간","퇴근시간","총근무시간","알바생번호") values (to_date('23/01/05','RR/MM/DD'),to_timestamp('23/01/05 21:01:00.000000000','RR/MM/DD HH24:MI:SSXFF'),to_timestamp('23/01/06 04:41:00.000000000','RR/MM/DD HH24:MI:SSXFF'),7.68,'00000008');
Insert into WORKRECORD ("근무날짜","출근시간","퇴근시간","총근무시간","알바생번호") values (to_date('23/01/05','RR/MM/DD'),to_timestamp('23/01/05 21:01:00.000000000','RR/MM/DD HH24:MI:SSXFF'),to_timestamp('23/01/06 04:41:00.000000000','RR/MM/DD HH24:MI:SSXFF'),7.68,'00000029');
Insert into WORKRECORD ("근무날짜","출근시간","퇴근시간","총근무시간","알바생번호") values (to_date('23/01/06','RR/MM/DD'),to_timestamp('23/01/06 14:23:00.000000000','RR/MM/DD HH24:MI:SSXFF'),to_timestamp('23/01/06 20:34:00.000000000','RR/MM/DD HH24:MI:SSXFF'),6.19,'00000022');
Insert into WORKRECORD ("근무날짜","출근시간","퇴근시간","총근무시간","알바생번호") values (to_date('23/01/06','RR/MM/DD'),to_timestamp('23/01/06 14:23:00.000000000','RR/MM/DD HH24:MI:SSXFF'),to_timestamp('23/01/06 20:34:00.000000000','RR/MM/DD HH24:MI:SSXFF'),6.19,'00000008');
Insert into WORKRECORD ("근무날짜","출근시간","퇴근시간","총근무시간","알바생번호") values (to_date('23/01/07','RR/MM/DD'),to_timestamp('23/01/07 20:27:00.000000000','RR/MM/DD HH24:MI:SSXFF'),to_timestamp('23/01/08 03:58:00.000000000','RR/MM/DD HH24:MI:SSXFF'),7.53,'00000027');
Insert into WORKRECORD ("근무날짜","출근시간","퇴근시간","총근무시간","알바생번호") values (to_date('23/01/07','RR/MM/DD'),to_timestamp('23/01/07 20:27:00.000000000','RR/MM/DD HH24:MI:SSXFF'),to_timestamp('23/01/08 03:58:00.000000000','RR/MM/DD HH24:MI:SSXFF'),7.53,'00000000');
Insert into WORKRECORD ("근무날짜","출근시간","퇴근시간","총근무시간","알바생번호") values (to_date('23/01/08','RR/MM/DD'),to_timestamp('23/01/08 00:37:00.000000000','RR/MM/DD HH24:MI:SSXFF'),to_timestamp('23/01/08 07:52:00.000000000','RR/MM/DD HH24:MI:SSXFF'),7.25,'00000009');
Insert into WORKRECORD ("근무날짜","출근시간","퇴근시간","총근무시간","알바생번호") values (to_date('23/01/08','RR/MM/DD'),to_timestamp('23/01/08 00:37:00.000000000','RR/MM/DD HH24:MI:SSXFF'),to_timestamp('23/01/08 07:52:00.000000000','RR/MM/DD HH24:MI:SSXFF'),7.25,'00000020');
Insert into WORKRECORD ("근무날짜","출근시간","퇴근시간","총근무시간","알바생번호") values (to_date('23/01/09','RR/MM/DD'),to_timestamp('23/01/09 16:29:00.000000000','RR/MM/DD HH24:MI:SSXFF'),to_timestamp('23/01/09 23:42:00.000000000','RR/MM/DD HH24:MI:SSXFF'),7.23,'00000036');
Insert into WORKRECORD ("근무날짜","출근시간","퇴근시간","총근무시간","알바생번호") values (to_date('23/01/09','RR/MM/DD'),to_timestamp('23/01/09 16:29:00.000000000','RR/MM/DD HH24:MI:SSXFF'),to_timestamp('23/01/09 23:42:00.000000000','RR/MM/DD HH24:MI:SSXFF'),7.23,'00000028');
Insert into WORKRECORD ("근무날짜","출근시간","퇴근시간","총근무시간","알바생번호") values (to_date('23/01/10','RR/MM/DD'),to_timestamp('23/01/10 09:15:00.000000000','RR/MM/DD HH24:MI:SSXFF'),to_timestamp('23/01/10 15:14:00.000000000','RR/MM/DD HH24:MI:SSXFF'),5.99,'00000026');
Insert into WORKRECORD ("근무날짜","출근시간","퇴근시간","총근무시간","알바생번호") values (to_date('23/01/10','RR/MM/DD'),to_timestamp('23/01/10 09:15:00.000000000','RR/MM/DD HH24:MI:SSXFF'),to_timestamp('23/01/10 15:14:00.000000000','RR/MM/DD HH24:MI:SSXFF'),5.99,'00000042');
Insert into WORKRECORD ("근무날짜","출근시간","퇴근시간","총근무시간","알바생번호") values (to_date('23/01/11','RR/MM/DD'),to_timestamp('23/01/11 17:09:00.000000000','RR/MM/DD HH24:MI:SSXFF'),to_timestamp('23/01/11 22:54:00.000000000','RR/MM/DD HH24:MI:SSXFF'),5.76,'00000027');
Insert into WORKRECORD ("근무날짜","출근시간","퇴근시간","총근무시간","알바생번호") values (to_date('23/01/11','RR/MM/DD'),to_timestamp('23/01/11 17:09:00.000000000','RR/MM/DD HH24:MI:SSXFF'),to_timestamp('23/01/11 22:54:00.000000000','RR/MM/DD HH24:MI:SSXFF'),5.76,'00000050');
Insert into WORKRECORD ("근무날짜","출근시간","퇴근시간","총근무시간","알바생번호") values (to_date('23/01/12','RR/MM/DD'),to_timestamp('23/01/12 13:58:00.000000000','RR/MM/DD HH24:MI:SSXFF'),to_timestamp('23/01/12 18:02:00.000000000','RR/MM/DD HH24:MI:SSXFF'),4.07,'00000016');
Insert into WORKRECORD ("근무날짜","출근시간","퇴근시간","총근무시간","알바생번호") values (to_date('23/01/12','RR/MM/DD'),to_timestamp('23/01/12 13:58:00.000000000','RR/MM/DD HH24:MI:SSXFF'),to_timestamp('23/01/12 18:02:00.000000000','RR/MM/DD HH24:MI:SSXFF'),4.07,'00000010');
Insert into WORKRECORD ("근무날짜","출근시간","퇴근시간","총근무시간","알바생번호") values (to_date('23/01/13','RR/MM/DD'),to_timestamp('23/01/13 21:44:00.000000000','RR/MM/DD HH24:MI:SSXFF'),to_timestamp('23/01/14 02:21:00.000000000','RR/MM/DD HH24:MI:SSXFF'),4.62,'00000031');
Insert into WORKRECORD ("근무날짜","출근시간","퇴근시간","총근무시간","알바생번호") values (to_date('23/01/13','RR/MM/DD'),to_timestamp('23/01/13 21:44:00.000000000','RR/MM/DD HH24:MI:SSXFF'),to_timestamp('23/01/14 02:21:00.000000000','RR/MM/DD HH24:MI:SSXFF'),4.62,'00000051');
Insert into WORKRECORD ("근무날짜","출근시간","퇴근시간","총근무시간","알바생번호") values (to_date('23/01/14','RR/MM/DD'),to_timestamp('23/01/14 06:15:00.000000000','RR/MM/DD HH24:MI:SSXFF'),to_timestamp('23/01/14 10:52:00.000000000','RR/MM/DD HH24:MI:SSXFF'),4.63,'00000022');
Insert into WORKRECORD ("근무날짜","출근시간","퇴근시간","총근무시간","알바생번호") values (to_date('23/01/14','RR/MM/DD'),to_timestamp('23/01/14 06:15:00.000000000','RR/MM/DD HH24:MI:SSXFF'),to_timestamp('23/01/14 10:52:00.000000000','RR/MM/DD HH24:MI:SSXFF'),4.63,'00000034');
Insert into WORKRECORD ("근무날짜","출근시간","퇴근시간","총근무시간","알바생번호") values (to_date('23/01/15','RR/MM/DD'),to_timestamp('23/01/15 07:00:00.000000000','RR/MM/DD HH24:MI:SSXFF'),to_timestamp('23/01/16 23:00:00.000000000','RR/MM/DD HH24:MI:SSXFF'),16,'00000022');
Insert into WORKRECORD ("근무날짜","출근시간","퇴근시간","총근무시간","알바생번호") values (to_date('23/01/15','RR/MM/DD'),to_timestamp('23/01/15 21:39:00.000000000','RR/MM/DD HH24:MI:SSXFF'),to_timestamp('23/01/16 05:37:00.000000000','RR/MM/DD HH24:MI:SSXFF'),7.98,'00000041');
Insert into WORKRECORD ("근무날짜","출근시간","퇴근시간","총근무시간","알바생번호") values (to_date('23/01/16','RR/MM/DD'),to_timestamp('23/01/16 07:00:00.000000000','RR/MM/DD HH24:MI:SSXFF'),to_timestamp('23/01/16 23:00:00.000000000','RR/MM/DD HH24:MI:SSXFF'),16,'00000007');
Insert into WORKRECORD ("근무날짜","출근시간","퇴근시간","총근무시간","알바생번호") values (to_date('23/01/16','RR/MM/DD'),to_timestamp('23/01/16 20:08:00.000000000','RR/MM/DD HH24:MI:SSXFF'),to_timestamp('23/01/17 00:12:00.000000000','RR/MM/DD HH24:MI:SSXFF'),4.08,'00000003');
Insert into WORKRECORD ("근무날짜","출근시간","퇴근시간","총근무시간","알바생번호") values (to_date('23/01/17','RR/MM/DD'),to_timestamp('23/01/17 07:00:00.000000000','RR/MM/DD HH24:MI:SSXFF'),to_timestamp('23/01/19 00:00:00.000000000','RR/MM/DD HH24:MI:SSXFF'),17,'00000018');
Insert into WORKRECORD ("근무날짜","출근시간","퇴근시간","총근무시간","알바생번호") values (to_date('23/01/17','RR/MM/DD'),to_timestamp('23/01/17 07:53:00.000000000','RR/MM/DD HH24:MI:SSXFF'),to_timestamp('23/01/17 14:39:00.000000000','RR/MM/DD HH24:MI:SSXFF'),6.77,'00000049');
Insert into WORKRECORD ("근무날짜","출근시간","퇴근시간","총근무시간","알바생번호") values (to_date('23/01/18','RR/MM/DD'),to_timestamp('23/01/18 07:36:00.000000000','RR/MM/DD HH24:MI:SSXFF'),to_timestamp('23/01/18 14:01:00.000000000','RR/MM/DD HH24:MI:SSXFF'),6.42,'00000018');
Insert into WORKRECORD ("근무날짜","출근시간","퇴근시간","총근무시간","알바생번호") values (to_date('23/01/18','RR/MM/DD'),to_timestamp('23/01/18 07:36:00.000000000','RR/MM/DD HH24:MI:SSXFF'),to_timestamp('23/01/18 14:01:00.000000000','RR/MM/DD HH24:MI:SSXFF'),6.42,'00000008');
Insert into WORKRECORD ("근무날짜","출근시간","퇴근시간","총근무시간","알바생번호") values (to_date('23/01/19','RR/MM/DD'),to_timestamp('23/01/19 06:08:00.000000000','RR/MM/DD HH24:MI:SSXFF'),to_timestamp('23/01/19 10:23:00.000000000','RR/MM/DD HH24:MI:SSXFF'),4.25,'00000035');
Insert into WORKRECORD ("근무날짜","출근시간","퇴근시간","총근무시간","알바생번호") values (to_date('23/01/19','RR/MM/DD'),to_timestamp('23/01/19 06:08:00.000000000','RR/MM/DD HH24:MI:SSXFF'),to_timestamp('23/01/19 10:23:00.000000000','RR/MM/DD HH24:MI:SSXFF'),4.25,'00000009');
Insert into WORKRECORD ("근무날짜","출근시간","퇴근시간","총근무시간","알바생번호") values (to_date('23/01/20','RR/MM/DD'),to_timestamp('23/01/20 20:41:00.000000000','RR/MM/DD HH24:MI:SSXFF'),to_timestamp('23/01/21 02:08:00.000000000','RR/MM/DD HH24:MI:SSXFF'),5.46,'00000034');
Insert into WORKRECORD ("근무날짜","출근시간","퇴근시간","총근무시간","알바생번호") values (to_date('23/01/20','RR/MM/DD'),to_timestamp('23/01/20 20:41:00.000000000','RR/MM/DD HH24:MI:SSXFF'),to_timestamp('23/01/21 02:08:00.000000000','RR/MM/DD HH24:MI:SSXFF'),5.46,'00000004');
Insert into WORKRECORD ("근무날짜","출근시간","퇴근시간","총근무시간","알바생번호") values (to_date('23/01/21','RR/MM/DD'),to_timestamp('23/01/21 22:25:00.000000000','RR/MM/DD HH24:MI:SSXFF'),to_timestamp('23/01/22 02:55:00.000000000','RR/MM/DD HH24:MI:SSXFF'),4.51,'00000038');
Insert into WORKRECORD ("근무날짜","출근시간","퇴근시간","총근무시간","알바생번호") values (to_date('23/01/21','RR/MM/DD'),to_timestamp('23/01/21 22:25:00.000000000','RR/MM/DD HH24:MI:SSXFF'),to_timestamp('23/01/22 02:55:00.000000000','RR/MM/DD HH24:MI:SSXFF'),4.51,'00000011');
Insert into WORKRECORD ("근무날짜","출근시간","퇴근시간","총근무시간","알바생번호") values (to_date('23/01/22','RR/MM/DD'),to_timestamp('23/01/22 15:05:00.000000000','RR/MM/DD HH24:MI:SSXFF'),to_timestamp('23/01/22 20:35:00.000000000','RR/MM/DD HH24:MI:SSXFF'),5.51,'00000022');
Insert into WORKRECORD ("근무날짜","출근시간","퇴근시간","총근무시간","알바생번호") values (to_date('23/01/22','RR/MM/DD'),to_timestamp('23/01/22 15:05:00.000000000','RR/MM/DD HH24:MI:SSXFF'),to_timestamp('23/01/22 20:35:00.000000000','RR/MM/DD HH24:MI:SSXFF'),5.51,'00000004');
Insert into WORKRECORD ("근무날짜","출근시간","퇴근시간","총근무시간","알바생번호") values (to_date('23/01/23','RR/MM/DD'),to_timestamp('23/01/23 10:17:00.000000000','RR/MM/DD HH24:MI:SSXFF'),to_timestamp('23/01/23 17:20:00.000000000','RR/MM/DD HH24:MI:SSXFF'),7.05,'00000026');
Insert into WORKRECORD ("근무날짜","출근시간","퇴근시간","총근무시간","알바생번호") values (to_date('23/01/23','RR/MM/DD'),to_timestamp('23/01/23 10:17:00.000000000','RR/MM/DD HH24:MI:SSXFF'),to_timestamp('23/01/23 17:20:00.000000000','RR/MM/DD HH24:MI:SSXFF'),7.05,'00000012');
Insert into WORKRECORD ("근무날짜","출근시간","퇴근시간","총근무시간","알바생번호") values (to_date('23/01/24','RR/MM/DD'),to_timestamp('23/01/24 12:49:00.000000000','RR/MM/DD HH24:MI:SSXFF'),to_timestamp('23/01/24 19:50:00.000000000','RR/MM/DD HH24:MI:SSXFF'),7.02,'00000002');
Insert into WORKRECORD ("근무날짜","출근시간","퇴근시간","총근무시간","알바생번호") values (to_date('23/01/24','RR/MM/DD'),to_timestamp('23/01/24 12:49:00.000000000','RR/MM/DD HH24:MI:SSXFF'),to_timestamp('23/01/24 19:50:00.000000000','RR/MM/DD HH24:MI:SSXFF'),7.02,'00000014');
Insert into WORKRECORD ("근무날짜","출근시간","퇴근시간","총근무시간","알바생번호") values (to_date('23/01/25','RR/MM/DD'),to_timestamp('23/01/25 20:53:00.000000000','RR/MM/DD HH24:MI:SSXFF'),to_timestamp('23/01/26 02:08:00.000000000','RR/MM/DD HH24:MI:SSXFF'),5.26,'00000006');
Insert into WORKRECORD ("근무날짜","출근시간","퇴근시간","총근무시간","알바생번호") values (to_date('23/01/25','RR/MM/DD'),to_timestamp('23/01/25 20:53:00.000000000','RR/MM/DD HH24:MI:SSXFF'),to_timestamp('23/01/26 02:08:00.000000000','RR/MM/DD HH24:MI:SSXFF'),5.26,'00000040');
Insert into WORKRECORD ("근무날짜","출근시간","퇴근시간","총근무시간","알바생번호") values (to_date('23/01/26','RR/MM/DD'),to_timestamp('23/01/26 22:09:00.000000000','RR/MM/DD HH24:MI:SSXFF'),to_timestamp('23/01/27 05:33:00.000000000','RR/MM/DD HH24:MI:SSXFF'),7.4,'00000022');
Insert into WORKRECORD ("근무날짜","출근시간","퇴근시간","총근무시간","알바생번호") values (to_date('23/01/26','RR/MM/DD'),to_timestamp('23/01/26 22:09:00.000000000','RR/MM/DD HH24:MI:SSXFF'),to_timestamp('23/01/27 05:33:00.000000000','RR/MM/DD HH24:MI:SSXFF'),7.4,'00000030');
Insert into WORKRECORD ("근무날짜","출근시간","퇴근시간","총근무시간","알바생번호") values (to_date('23/01/27','RR/MM/DD'),to_timestamp('23/01/27 02:57:00.000000000','RR/MM/DD HH24:MI:SSXFF'),to_timestamp('23/01/27 10:44:00.000000000','RR/MM/DD HH24:MI:SSXFF'),7.79,'00000035');
Insert into WORKRECORD ("근무날짜","출근시간","퇴근시간","총근무시간","알바생번호") values (to_date('23/01/27','RR/MM/DD'),to_timestamp('23/01/27 02:57:00.000000000','RR/MM/DD HH24:MI:SSXFF'),to_timestamp('23/01/27 10:44:00.000000000','RR/MM/DD HH24:MI:SSXFF'),7.79,'00000042');
Insert into WORKRECORD ("근무날짜","출근시간","퇴근시간","총근무시간","알바생번호") values (to_date('23/01/28','RR/MM/DD'),to_timestamp('23/01/28 19:27:00.000000000','RR/MM/DD HH24:MI:SSXFF'),to_timestamp('23/01/29 01:03:00.000000000','RR/MM/DD HH24:MI:SSXFF'),5.61,'00000051');
Insert into WORKRECORD ("근무날짜","출근시간","퇴근시간","총근무시간","알바생번호") values (to_date('23/01/28','RR/MM/DD'),to_timestamp('23/01/28 19:27:00.000000000','RR/MM/DD HH24:MI:SSXFF'),to_timestamp('23/01/29 01:03:00.000000000','RR/MM/DD HH24:MI:SSXFF'),5.61,'00000042');
Insert into WORKRECORD ("근무날짜","출근시간","퇴근시간","총근무시간","알바생번호") values (to_date('23/01/29','RR/MM/DD'),to_timestamp('23/01/29 23:29:00.000000000','RR/MM/DD HH24:MI:SSXFF'),to_timestamp('23/01/30 03:48:00.000000000','RR/MM/DD HH24:MI:SSXFF'),4.33,'00000032');
Insert into WORKRECORD ("근무날짜","출근시간","퇴근시간","총근무시간","알바생번호") values (to_date('23/01/29','RR/MM/DD'),to_timestamp('23/01/29 23:29:00.000000000','RR/MM/DD HH24:MI:SSXFF'),to_timestamp('23/01/30 03:48:00.000000000','RR/MM/DD HH24:MI:SSXFF'),4.33,'00000037');
Insert into WORKRECORD ("근무날짜","출근시간","퇴근시간","총근무시간","알바생번호") values (to_date('23/01/30','RR/MM/DD'),to_timestamp('23/01/30 10:49:00.000000000','RR/MM/DD HH24:MI:SSXFF'),to_timestamp('23/01/30 17:58:00.000000000','RR/MM/DD HH24:MI:SSXFF'),7.16,'00000043');
Insert into WORKRECORD ("근무날짜","출근시간","퇴근시간","총근무시간","알바생번호") values (to_date('23/01/30','RR/MM/DD'),to_timestamp('23/01/30 10:49:00.000000000','RR/MM/DD HH24:MI:SSXFF'),to_timestamp('23/01/30 17:58:00.000000000','RR/MM/DD HH24:MI:SSXFF'),7.16,'00000014');
Insert into WORKRECORD ("근무날짜","출근시간","퇴근시간","총근무시간","알바생번호") values (to_date('23/01/31','RR/MM/DD'),to_timestamp('23/01/31 04:27:00.000000000','RR/MM/DD HH24:MI:SSXFF'),to_timestamp('23/01/31 10:52:00.000000000','RR/MM/DD HH24:MI:SSXFF'),6.42,'00000007');
Insert into WORKRECORD ("근무날짜","출근시간","퇴근시간","총근무시간","알바생번호") values (to_date('23/01/31','RR/MM/DD'),to_timestamp('23/01/31 04:27:00.000000000','RR/MM/DD HH24:MI:SSXFF'),to_timestamp('23/01/31 10:52:00.000000000','RR/MM/DD HH24:MI:SSXFF'),6.42,'00000021');
Insert into WORKRECORD ("근무날짜","출근시간","퇴근시간","총근무시간","알바생번호") values (to_date('23/02/01','RR/MM/DD'),to_timestamp('23/02/01 09:59:00.000000000','RR/MM/DD HH24:MI:SSXFF'),to_timestamp('23/02/01 14:00:00.000000000','RR/MM/DD HH24:MI:SSXFF'),4.03,'00000001');
Insert into WORKRECORD ("근무날짜","출근시간","퇴근시간","총근무시간","알바생번호") values (to_date('23/02/01','RR/MM/DD'),to_timestamp('23/02/01 09:59:00.000000000','RR/MM/DD HH24:MI:SSXFF'),to_timestamp('23/02/01 14:00:00.000000000','RR/MM/DD HH24:MI:SSXFF'),4.03,'00000006');
Insert into WORKRECORD ("근무날짜","출근시간","퇴근시간","총근무시간","알바생번호") values (to_date('23/02/02','RR/MM/DD'),to_timestamp('23/02/02 08:25:00.000000000','RR/MM/DD HH24:MI:SSXFF'),to_timestamp('23/02/02 12:41:00.000000000','RR/MM/DD HH24:MI:SSXFF'),4.27,'00000018');
Insert into WORKRECORD ("근무날짜","출근시간","퇴근시간","총근무시간","알바생번호") values (to_date('23/02/02','RR/MM/DD'),to_timestamp('23/02/02 08:25:00.000000000','RR/MM/DD HH24:MI:SSXFF'),to_timestamp('23/02/02 12:41:00.000000000','RR/MM/DD HH24:MI:SSXFF'),4.27,'00000015');
Insert into WORKRECORD ("근무날짜","출근시간","퇴근시간","총근무시간","알바생번호") values (to_date('23/02/03','RR/MM/DD'),to_timestamp('23/02/03 12:04:00.000000000','RR/MM/DD HH24:MI:SSXFF'),to_timestamp('23/02/03 19:01:00.000000000','RR/MM/DD HH24:MI:SSXFF'),6.95,'00000002');
Insert into WORKRECORD ("근무날짜","출근시간","퇴근시간","총근무시간","알바생번호") values (to_date('23/02/03','RR/MM/DD'),to_timestamp('23/02/03 12:04:00.000000000','RR/MM/DD HH24:MI:SSXFF'),to_timestamp('23/02/03 19:01:00.000000000','RR/MM/DD HH24:MI:SSXFF'),6.95,'00000044');
Insert into WORKRECORD ("근무날짜","출근시간","퇴근시간","총근무시간","알바생번호") values (to_date('23/02/04','RR/MM/DD'),to_timestamp('23/02/04 19:03:00.000000000','RR/MM/DD HH24:MI:SSXFF'),to_timestamp('23/02/04 23:57:00.000000000','RR/MM/DD HH24:MI:SSXFF'),4.9,'00000027');
Insert into WORKRECORD ("근무날짜","출근시간","퇴근시간","총근무시간","알바생번호") values (to_date('23/02/04','RR/MM/DD'),to_timestamp('23/02/04 19:03:00.000000000','RR/MM/DD HH24:MI:SSXFF'),to_timestamp('23/02/04 23:57:00.000000000','RR/MM/DD HH24:MI:SSXFF'),4.9,'00000016');
Insert into WORKRECORD ("근무날짜","출근시간","퇴근시간","총근무시간","알바생번호") values (to_date('23/02/05','RR/MM/DD'),to_timestamp('23/02/05 08:42:00.000000000','RR/MM/DD HH24:MI:SSXFF'),to_timestamp('23/02/05 14:21:00.000000000','RR/MM/DD HH24:MI:SSXFF'),5.66,'00000024');
Insert into WORKRECORD ("근무날짜","출근시간","퇴근시간","총근무시간","알바생번호") values (to_date('23/02/05','RR/MM/DD'),to_timestamp('23/02/05 08:42:00.000000000','RR/MM/DD HH24:MI:SSXFF'),to_timestamp('23/02/05 14:21:00.000000000','RR/MM/DD HH24:MI:SSXFF'),5.66,'00000009');
Insert into WORKRECORD ("근무날짜","출근시간","퇴근시간","총근무시간","알바생번호") values (to_date('23/02/06','RR/MM/DD'),to_timestamp('23/02/06 12:25:00.000000000','RR/MM/DD HH24:MI:SSXFF'),to_timestamp('23/02/06 16:38:00.000000000','RR/MM/DD HH24:MI:SSXFF'),4.23,'00000045');
Insert into WORKRECORD ("근무날짜","출근시간","퇴근시간","총근무시간","알바생번호") values (to_date('23/02/06','RR/MM/DD'),to_timestamp('23/02/06 12:25:00.000000000','RR/MM/DD HH24:MI:SSXFF'),to_timestamp('23/02/06 16:38:00.000000000','RR/MM/DD HH24:MI:SSXFF'),4.23,'00000006');
Insert into WORKRECORD ("근무날짜","출근시간","퇴근시간","총근무시간","알바생번호") values (to_date('23/02/07','RR/MM/DD'),to_timestamp('23/02/07 18:04:00.000000000','RR/MM/DD HH24:MI:SSXFF'),to_timestamp('23/02/08 01:32:00.000000000','RR/MM/DD HH24:MI:SSXFF'),7.47,'00000026');
Insert into WORKRECORD ("근무날짜","출근시간","퇴근시간","총근무시간","알바생번호") values (to_date('23/02/07','RR/MM/DD'),to_timestamp('23/02/07 18:04:00.000000000','RR/MM/DD HH24:MI:SSXFF'),to_timestamp('23/02/08 01:32:00.000000000','RR/MM/DD HH24:MI:SSXFF'),7.47,'00000051');
Insert into WORKRECORD ("근무날짜","출근시간","퇴근시간","총근무시간","알바생번호") values (to_date('23/02/08','RR/MM/DD'),to_timestamp('23/02/08 09:49:00.000000000','RR/MM/DD HH24:MI:SSXFF'),to_timestamp('23/02/08 16:31:00.000000000','RR/MM/DD HH24:MI:SSXFF'),6.71,'00000032');
Insert into WORKRECORD ("근무날짜","출근시간","퇴근시간","총근무시간","알바생번호") values (to_date('23/02/08','RR/MM/DD'),to_timestamp('23/02/08 09:49:00.000000000','RR/MM/DD HH24:MI:SSXFF'),to_timestamp('23/02/08 16:31:00.000000000','RR/MM/DD HH24:MI:SSXFF'),6.71,'00000033');
Insert into WORKRECORD ("근무날짜","출근시간","퇴근시간","총근무시간","알바생번호") values (to_date('23/02/09','RR/MM/DD'),to_timestamp('23/02/09 10:03:00.000000000','RR/MM/DD HH24:MI:SSXFF'),to_timestamp('23/02/09 15:29:00.000000000','RR/MM/DD HH24:MI:SSXFF'),5.44,'00000022');
Insert into WORKRECORD ("근무날짜","출근시간","퇴근시간","총근무시간","알바생번호") values (to_date('23/02/09','RR/MM/DD'),to_timestamp('23/02/09 10:03:00.000000000','RR/MM/DD HH24:MI:SSXFF'),to_timestamp('23/02/09 15:29:00.000000000','RR/MM/DD HH24:MI:SSXFF'),5.44,'00000043');
Insert into WORKRECORD ("근무날짜","출근시간","퇴근시간","총근무시간","알바생번호") values (to_date('23/02/10','RR/MM/DD'),to_timestamp('23/02/10 11:30:00.000000000','RR/MM/DD HH24:MI:SSXFF'),to_timestamp('23/02/10 19:00:00.000000000','RR/MM/DD HH24:MI:SSXFF'),7.5,'00000022');
Insert into WORKRECORD ("근무날짜","출근시간","퇴근시간","총근무시간","알바생번호") values (to_date('23/02/10','RR/MM/DD'),to_timestamp('23/02/10 11:30:00.000000000','RR/MM/DD HH24:MI:SSXFF'),to_timestamp('23/02/10 19:00:00.000000000','RR/MM/DD HH24:MI:SSXFF'),7.5,'00000046');
Insert into WORKRECORD ("근무날짜","출근시간","퇴근시간","총근무시간","알바생번호") values (to_date('23/02/11','RR/MM/DD'),to_timestamp('23/02/11 10:21:00.000000000','RR/MM/DD HH24:MI:SSXFF'),to_timestamp('23/02/11 17:06:00.000000000','RR/MM/DD HH24:MI:SSXFF'),6.75,'00000006');
Insert into WORKRECORD ("근무날짜","출근시간","퇴근시간","총근무시간","알바생번호") values (to_date('23/02/11','RR/MM/DD'),to_timestamp('23/02/11 10:21:00.000000000','RR/MM/DD HH24:MI:SSXFF'),to_timestamp('23/02/11 17:06:00.000000000','RR/MM/DD HH24:MI:SSXFF'),6.75,'00000038');
Insert into WORKRECORD ("근무날짜","출근시간","퇴근시간","총근무시간","알바생번호") values (to_date('23/02/12','RR/MM/DD'),to_timestamp('23/02/12 04:31:00.000000000','RR/MM/DD HH24:MI:SSXFF'),to_timestamp('23/02/12 10:07:00.000000000','RR/MM/DD HH24:MI:SSXFF'),5.6,'00000045');
Insert into WORKRECORD ("근무날짜","출근시간","퇴근시간","총근무시간","알바생번호") values (to_date('23/02/12','RR/MM/DD'),to_timestamp('23/02/12 04:31:00.000000000','RR/MM/DD HH24:MI:SSXFF'),to_timestamp('23/02/12 10:07:00.000000000','RR/MM/DD HH24:MI:SSXFF'),5.6,'00000004');
Insert into WORKRECORD ("근무날짜","출근시간","퇴근시간","총근무시간","알바생번호") values (to_date('23/02/13','RR/MM/DD'),to_timestamp('23/02/13 00:39:00.000000000','RR/MM/DD HH24:MI:SSXFF'),to_timestamp('23/02/13 06:44:00.000000000','RR/MM/DD HH24:MI:SSXFF'),6.09,'00000015');
Insert into WORKRECORD ("근무날짜","출근시간","퇴근시간","총근무시간","알바생번호") values (to_date('23/02/13','RR/MM/DD'),to_timestamp('23/02/13 00:39:00.000000000','RR/MM/DD HH24:MI:SSXFF'),to_timestamp('23/02/13 06:44:00.000000000','RR/MM/DD HH24:MI:SSXFF'),6.09,'00000019');
Insert into WORKRECORD ("근무날짜","출근시간","퇴근시간","총근무시간","알바생번호") values (to_date('23/02/14','RR/MM/DD'),to_timestamp('23/02/14 19:14:00.000000000','RR/MM/DD HH24:MI:SSXFF'),to_timestamp('23/02/14 23:50:00.000000000','RR/MM/DD HH24:MI:SSXFF'),4.61,'00000021');
Insert into WORKRECORD ("근무날짜","출근시간","퇴근시간","총근무시간","알바생번호") values (to_date('23/02/14','RR/MM/DD'),to_timestamp('23/02/14 19:14:00.000000000','RR/MM/DD HH24:MI:SSXFF'),to_timestamp('23/02/14 23:50:00.000000000','RR/MM/DD HH24:MI:SSXFF'),4.61,'00000048');
Insert into WORKRECORD ("근무날짜","출근시간","퇴근시간","총근무시간","알바생번호") values (to_date('23/02/15','RR/MM/DD'),to_timestamp('23/02/15 05:13:00.000000000','RR/MM/DD HH24:MI:SSXFF'),to_timestamp('23/02/15 11:26:00.000000000','RR/MM/DD HH24:MI:SSXFF'),6.23,'00000031');
Insert into WORKRECORD ("근무날짜","출근시간","퇴근시간","총근무시간","알바생번호") values (to_date('23/02/15','RR/MM/DD'),to_timestamp('23/02/15 05:13:00.000000000','RR/MM/DD HH24:MI:SSXFF'),to_timestamp('23/02/15 11:26:00.000000000','RR/MM/DD HH24:MI:SSXFF'),6.23,'00000048');
Insert into WORKRECORD ("근무날짜","출근시간","퇴근시간","총근무시간","알바생번호") values (to_date('23/02/16','RR/MM/DD'),to_timestamp('23/02/16 19:26:00.000000000','RR/MM/DD HH24:MI:SSXFF'),to_timestamp('23/02/17 01:55:00.000000000','RR/MM/DD HH24:MI:SSXFF'),6.49,'00000027');
Insert into WORKRECORD ("근무날짜","출근시간","퇴근시간","총근무시간","알바생번호") values (to_date('23/02/16','RR/MM/DD'),to_timestamp('23/02/16 19:26:00.000000000','RR/MM/DD HH24:MI:SSXFF'),to_timestamp('23/02/17 01:55:00.000000000','RR/MM/DD HH24:MI:SSXFF'),6.49,'00000020');
Insert into WORKRECORD ("근무날짜","출근시간","퇴근시간","총근무시간","알바생번호") values (to_date('23/02/17','RR/MM/DD'),to_timestamp('23/02/17 11:24:00.000000000','RR/MM/DD HH24:MI:SSXFF'),to_timestamp('23/02/17 17:14:00.000000000','RR/MM/DD HH24:MI:SSXFF'),5.84,'00000049');
Insert into WORKRECORD ("근무날짜","출근시간","퇴근시간","총근무시간","알바생번호") values (to_date('23/02/17','RR/MM/DD'),to_timestamp('23/02/17 11:24:00.000000000','RR/MM/DD HH24:MI:SSXFF'),to_timestamp('23/02/17 17:14:00.000000000','RR/MM/DD HH24:MI:SSXFF'),5.84,'00000006');
Insert into WORKRECORD ("근무날짜","출근시간","퇴근시간","총근무시간","알바생번호") values (to_date('23/02/18','RR/MM/DD'),to_timestamp('23/02/18 11:19:00.000000000','RR/MM/DD HH24:MI:SSXFF'),to_timestamp('23/02/18 16:26:00.000000000','RR/MM/DD HH24:MI:SSXFF'),5.13,'00000003');
Insert into WORKRECORD ("근무날짜","출근시간","퇴근시간","총근무시간","알바생번호") values (to_date('23/02/18','RR/MM/DD'),to_timestamp('23/02/18 11:19:00.000000000','RR/MM/DD HH24:MI:SSXFF'),to_timestamp('23/02/18 16:26:00.000000000','RR/MM/DD HH24:MI:SSXFF'),5.13,'00000043');
Insert into WORKRECORD ("근무날짜","출근시간","퇴근시간","총근무시간","알바생번호") values (to_date('23/02/19','RR/MM/DD'),to_timestamp('23/02/19 23:30:00.000000000','RR/MM/DD HH24:MI:SSXFF'),to_timestamp('23/02/20 06:06:00.000000000','RR/MM/DD HH24:MI:SSXFF'),6.6,'00000050');
Insert into WORKRECORD ("근무날짜","출근시간","퇴근시간","총근무시간","알바생번호") values (to_date('23/02/19','RR/MM/DD'),to_timestamp('23/02/19 23:30:00.000000000','RR/MM/DD HH24:MI:SSXFF'),to_timestamp('23/02/20 06:06:00.000000000','RR/MM/DD HH24:MI:SSXFF'),6.6,'00000044');
Insert into WORKRECORD ("근무날짜","출근시간","퇴근시간","총근무시간","알바생번호") values (to_date('23/02/20','RR/MM/DD'),to_timestamp('23/02/20 14:26:00.000000000','RR/MM/DD HH24:MI:SSXFF'),to_timestamp('23/02/20 20:34:00.000000000','RR/MM/DD HH24:MI:SSXFF'),6.14,'00000025');
Insert into WORKRECORD ("근무날짜","출근시간","퇴근시간","총근무시간","알바생번호") values (to_date('23/02/20','RR/MM/DD'),to_timestamp('23/02/20 14:26:00.000000000','RR/MM/DD HH24:MI:SSXFF'),to_timestamp('23/02/20 20:34:00.000000000','RR/MM/DD HH24:MI:SSXFF'),6.14,'00000048');
Insert into WORKRECORD ("근무날짜","출근시간","퇴근시간","총근무시간","알바생번호") values (to_date('23/02/21','RR/MM/DD'),to_timestamp('23/02/21 18:32:00.000000000','RR/MM/DD HH24:MI:SSXFF'),to_timestamp('23/02/22 00:03:00.000000000','RR/MM/DD HH24:MI:SSXFF'),5.52,'00000018');
Insert into WORKRECORD ("근무날짜","출근시간","퇴근시간","총근무시간","알바생번호") values (to_date('23/02/21','RR/MM/DD'),to_timestamp('23/02/21 18:32:00.000000000','RR/MM/DD HH24:MI:SSXFF'),to_timestamp('23/02/22 00:03:00.000000000','RR/MM/DD HH24:MI:SSXFF'),5.52,'00000012');
Insert into WORKRECORD ("근무날짜","출근시간","퇴근시간","총근무시간","알바생번호") values (to_date('23/02/22','RR/MM/DD'),to_timestamp('23/02/22 00:55:00.000000000','RR/MM/DD HH24:MI:SSXFF'),to_timestamp('23/02/22 05:44:00.000000000','RR/MM/DD HH24:MI:SSXFF'),4.82,'00000026');
Insert into WORKRECORD ("근무날짜","출근시간","퇴근시간","총근무시간","알바생번호") values (to_date('23/02/22','RR/MM/DD'),to_timestamp('23/02/22 00:55:00.000000000','RR/MM/DD HH24:MI:SSXFF'),to_timestamp('23/02/22 05:44:00.000000000','RR/MM/DD HH24:MI:SSXFF'),4.82,'00000040');
Insert into WORKRECORD ("근무날짜","출근시간","퇴근시간","총근무시간","알바생번호") values (to_date('23/02/23','RR/MM/DD'),to_timestamp('23/02/23 04:36:00.000000000','RR/MM/DD HH24:MI:SSXFF'),to_timestamp('23/02/23 08:40:00.000000000','RR/MM/DD HH24:MI:SSXFF'),4.07,'00000050');
Insert into WORKRECORD ("근무날짜","출근시간","퇴근시간","총근무시간","알바생번호") values (to_date('23/02/23','RR/MM/DD'),to_timestamp('23/02/23 04:36:00.000000000','RR/MM/DD HH24:MI:SSXFF'),to_timestamp('23/02/23 08:40:00.000000000','RR/MM/DD HH24:MI:SSXFF'),4.07,'00000028');
Insert into WORKRECORD ("근무날짜","출근시간","퇴근시간","총근무시간","알바생번호") values (to_date('23/02/24','RR/MM/DD'),to_timestamp('23/02/24 00:07:00.000000000','RR/MM/DD HH24:MI:SSXFF'),to_timestamp('23/02/24 07:11:00.000000000','RR/MM/DD HH24:MI:SSXFF'),7.07,'00000045');
Insert into WORKRECORD ("근무날짜","출근시간","퇴근시간","총근무시간","알바생번호") values (to_date('23/02/24','RR/MM/DD'),to_timestamp('23/02/24 00:07:00.000000000','RR/MM/DD HH24:MI:SSXFF'),to_timestamp('23/02/24 07:11:00.000000000','RR/MM/DD HH24:MI:SSXFF'),7.07,'00000008');
Insert into WORKRECORD ("근무날짜","출근시간","퇴근시간","총근무시간","알바생번호") values (to_date('23/02/25','RR/MM/DD'),to_timestamp('23/02/25 00:17:00.000000000','RR/MM/DD HH24:MI:SSXFF'),to_timestamp('23/02/25 06:22:00.000000000','RR/MM/DD HH24:MI:SSXFF'),6.09,'00000049');
Insert into WORKRECORD ("근무날짜","출근시간","퇴근시간","총근무시간","알바생번호") values (to_date('23/02/25','RR/MM/DD'),to_timestamp('23/02/25 00:17:00.000000000','RR/MM/DD HH24:MI:SSXFF'),to_timestamp('23/02/25 06:22:00.000000000','RR/MM/DD HH24:MI:SSXFF'),6.09,'00000029');
Insert into WORKRECORD ("근무날짜","출근시간","퇴근시간","총근무시간","알바생번호") values (to_date('23/02/26','RR/MM/DD'),to_timestamp('23/02/26 03:51:00.000000000','RR/MM/DD HH24:MI:SSXFF'),to_timestamp('23/02/26 10:35:00.000000000','RR/MM/DD HH24:MI:SSXFF'),6.74,'00000028');
Insert into WORKRECORD ("근무날짜","출근시간","퇴근시간","총근무시간","알바생번호") values (to_date('23/02/26','RR/MM/DD'),to_timestamp('23/02/26 03:51:00.000000000','RR/MM/DD HH24:MI:SSXFF'),to_timestamp('23/02/26 10:35:00.000000000','RR/MM/DD HH24:MI:SSXFF'),6.74,'00000020');
Insert into WORKRECORD ("근무날짜","출근시간","퇴근시간","총근무시간","알바생번호") values (to_date('23/02/27','RR/MM/DD'),to_timestamp('23/02/27 13:49:00.000000000','RR/MM/DD HH24:MI:SSXFF'),to_timestamp('23/02/27 20:46:00.000000000','RR/MM/DD HH24:MI:SSXFF'),6.95,'00000018');
Insert into WORKRECORD ("근무날짜","출근시간","퇴근시간","총근무시간","알바생번호") values (to_date('23/02/27','RR/MM/DD'),to_timestamp('23/02/27 13:49:00.000000000','RR/MM/DD HH24:MI:SSXFF'),to_timestamp('23/02/27 20:46:00.000000000','RR/MM/DD HH24:MI:SSXFF'),6.95,'00000031');
Insert into WORKRECORD ("근무날짜","출근시간","퇴근시간","총근무시간","알바생번호") values (to_date('23/02/28','RR/MM/DD'),to_timestamp('23/02/28 00:34:00.000000000','RR/MM/DD HH24:MI:SSXFF'),to_timestamp('23/02/28 05:38:00.000000000','RR/MM/DD HH24:MI:SSXFF'),5.07,'00000017');
Insert into WORKRECORD ("근무날짜","출근시간","퇴근시간","총근무시간","알바생번호") values (to_date('23/02/28','RR/MM/DD'),to_timestamp('23/02/28 00:34:00.000000000','RR/MM/DD HH24:MI:SSXFF'),to_timestamp('23/02/28 05:38:00.000000000','RR/MM/DD HH24:MI:SSXFF'),5.07,'00000029');
Insert into WORKRECORD ("근무날짜","출근시간","퇴근시간","총근무시간","알바생번호") values (to_date('23/03/01','RR/MM/DD'),to_timestamp('23/03/01 08:27:00.000000000','RR/MM/DD HH24:MI:SSXFF'),to_timestamp('23/03/01 16:11:00.000000000','RR/MM/DD HH24:MI:SSXFF'),7.74,'00000051');
Insert into WORKRECORD ("근무날짜","출근시간","퇴근시간","총근무시간","알바생번호") values (to_date('23/03/01','RR/MM/DD'),to_timestamp('23/03/01 08:27:00.000000000','RR/MM/DD HH24:MI:SSXFF'),to_timestamp('23/03/01 16:11:00.000000000','RR/MM/DD HH24:MI:SSXFF'),7.74,'00000042');
Insert into WORKRECORD ("근무날짜","출근시간","퇴근시간","총근무시간","알바생번호") values (to_date('23/03/02','RR/MM/DD'),to_timestamp('23/03/02 08:48:00.000000000','RR/MM/DD HH24:MI:SSXFF'),to_timestamp('23/03/02 12:49:00.000000000','RR/MM/DD HH24:MI:SSXFF'),4.02,'00000034');
Insert into WORKRECORD ("근무날짜","출근시간","퇴근시간","총근무시간","알바생번호") values (to_date('23/03/02','RR/MM/DD'),to_timestamp('23/03/02 08:48:00.000000000','RR/MM/DD HH24:MI:SSXFF'),to_timestamp('23/03/02 12:49:00.000000000','RR/MM/DD HH24:MI:SSXFF'),4.02,'00000024');
Insert into WORKRECORD ("근무날짜","출근시간","퇴근시간","총근무시간","알바생번호") values (to_date('23/03/03','RR/MM/DD'),to_timestamp('23/03/03 21:58:00.000000000','RR/MM/DD HH24:MI:SSXFF'),to_timestamp('23/03/04 04:08:00.000000000','RR/MM/DD HH24:MI:SSXFF'),6.18,'00000045');
Insert into WORKRECORD ("근무날짜","출근시간","퇴근시간","총근무시간","알바생번호") values (to_date('23/03/03','RR/MM/DD'),to_timestamp('23/03/03 21:58:00.000000000','RR/MM/DD HH24:MI:SSXFF'),to_timestamp('23/03/04 04:08:00.000000000','RR/MM/DD HH24:MI:SSXFF'),6.18,'00000050');
Insert into WORKRECORD ("근무날짜","출근시간","퇴근시간","총근무시간","알바생번호") values (to_date('23/03/04','RR/MM/DD'),to_timestamp('23/03/04 21:03:00.000000000','RR/MM/DD HH24:MI:SSXFF'),to_timestamp('23/03/05 01:48:00.000000000','RR/MM/DD HH24:MI:SSXFF'),4.75,'00000031');
Insert into WORKRECORD ("근무날짜","출근시간","퇴근시간","총근무시간","알바생번호") values (to_date('23/03/04','RR/MM/DD'),to_timestamp('23/03/04 21:03:00.000000000','RR/MM/DD HH24:MI:SSXFF'),to_timestamp('23/03/05 01:48:00.000000000','RR/MM/DD HH24:MI:SSXFF'),4.75,'00000024');
Insert into WORKRECORD ("근무날짜","출근시간","퇴근시간","총근무시간","알바생번호") values (to_date('23/03/05','RR/MM/DD'),to_timestamp('23/03/05 14:57:00.000000000','RR/MM/DD HH24:MI:SSXFF'),to_timestamp('23/03/05 21:32:00.000000000','RR/MM/DD HH24:MI:SSXFF'),6.59,'00000043');
Insert into WORKRECORD ("근무날짜","출근시간","퇴근시간","총근무시간","알바생번호") values (to_date('23/03/05','RR/MM/DD'),to_timestamp('23/03/05 14:57:00.000000000','RR/MM/DD HH24:MI:SSXFF'),to_timestamp('23/03/05 21:32:00.000000000','RR/MM/DD HH24:MI:SSXFF'),6.59,'00000012');
Insert into WORKRECORD ("근무날짜","출근시간","퇴근시간","총근무시간","알바생번호") values (to_date('23/03/06','RR/MM/DD'),to_timestamp('23/03/06 12:26:00.000000000','RR/MM/DD HH24:MI:SSXFF'),to_timestamp('23/03/06 19:43:00.000000000','RR/MM/DD HH24:MI:SSXFF'),7.29,'00000026');
Insert into WORKRECORD ("근무날짜","출근시간","퇴근시간","총근무시간","알바생번호") values (to_date('23/03/06','RR/MM/DD'),to_timestamp('23/03/06 12:26:00.000000000','RR/MM/DD HH24:MI:SSXFF'),to_timestamp('23/03/06 19:43:00.000000000','RR/MM/DD HH24:MI:SSXFF'),7.29,'00000019');
Insert into WORKRECORD ("근무날짜","출근시간","퇴근시간","총근무시간","알바생번호") values (to_date('23/03/07','RR/MM/DD'),to_timestamp('23/03/07 22:45:00.000000000','RR/MM/DD HH24:MI:SSXFF'),to_timestamp('23/03/08 05:45:00.000000000','RR/MM/DD HH24:MI:SSXFF'),7.01,'00000050');
Insert into WORKRECORD ("근무날짜","출근시간","퇴근시간","총근무시간","알바생번호") values (to_date('23/03/07','RR/MM/DD'),to_timestamp('23/03/07 22:45:00.000000000','RR/MM/DD HH24:MI:SSXFF'),to_timestamp('23/03/08 05:45:00.000000000','RR/MM/DD HH24:MI:SSXFF'),7.01,'00000000');
Insert into WORKRECORD ("근무날짜","출근시간","퇴근시간","총근무시간","알바생번호") values (to_date('23/03/08','RR/MM/DD'),to_timestamp('23/03/08 16:54:00.000000000','RR/MM/DD HH24:MI:SSXFF'),to_timestamp('23/03/08 21:34:00.000000000','RR/MM/DD HH24:MI:SSXFF'),4.67,'00000007');
Insert into WORKRECORD ("근무날짜","출근시간","퇴근시간","총근무시간","알바생번호") values (to_date('23/03/08','RR/MM/DD'),to_timestamp('23/03/08 16:54:00.000000000','RR/MM/DD HH24:MI:SSXFF'),to_timestamp('23/03/08 21:34:00.000000000','RR/MM/DD HH24:MI:SSXFF'),4.67,'00000024');
Insert into WORKRECORD ("근무날짜","출근시간","퇴근시간","총근무시간","알바생번호") values (to_date('23/03/09','RR/MM/DD'),to_timestamp('23/03/09 03:10:00.000000000','RR/MM/DD HH24:MI:SSXFF'),to_timestamp('23/03/09 09:10:00.000000000','RR/MM/DD HH24:MI:SSXFF'),6,'00000049');
Insert into WORKRECORD ("근무날짜","출근시간","퇴근시간","총근무시간","알바생번호") values (to_date('23/03/09','RR/MM/DD'),to_timestamp('23/03/09 03:10:00.000000000','RR/MM/DD HH24:MI:SSXFF'),to_timestamp('23/03/09 09:10:00.000000000','RR/MM/DD HH24:MI:SSXFF'),6,'00000020');
Insert into WORKRECORD ("근무날짜","출근시간","퇴근시간","총근무시간","알바생번호") values (to_date('23/03/10','RR/MM/DD'),to_timestamp('23/03/10 03:23:00.000000000','RR/MM/DD HH24:MI:SSXFF'),to_timestamp('23/03/10 10:38:00.000000000','RR/MM/DD HH24:MI:SSXFF'),7.25,'00000022');
Insert into WORKRECORD ("근무날짜","출근시간","퇴근시간","총근무시간","알바생번호") values (to_date('23/03/10','RR/MM/DD'),to_timestamp('23/03/10 03:23:00.000000000','RR/MM/DD HH24:MI:SSXFF'),to_timestamp('23/03/10 10:38:00.000000000','RR/MM/DD HH24:MI:SSXFF'),7.25,'00000046');
Insert into WORKRECORD ("근무날짜","출근시간","퇴근시간","총근무시간","알바생번호") values (to_date('23/03/11','RR/MM/DD'),to_timestamp('23/03/11 09:02:00.000000000','RR/MM/DD HH24:MI:SSXFF'),to_timestamp('23/03/11 14:11:00.000000000','RR/MM/DD HH24:MI:SSXFF'),5.16,'00000018');
Insert into WORKRECORD ("근무날짜","출근시간","퇴근시간","총근무시간","알바생번호") values (to_date('23/03/11','RR/MM/DD'),to_timestamp('23/03/11 09:02:00.000000000','RR/MM/DD HH24:MI:SSXFF'),to_timestamp('23/03/11 14:11:00.000000000','RR/MM/DD HH24:MI:SSXFF'),5.16,'00000047');
Insert into WORKRECORD ("근무날짜","출근시간","퇴근시간","총근무시간","알바생번호") values (to_date('23/03/12','RR/MM/DD'),to_timestamp('23/03/12 07:59:00.000000000','RR/MM/DD HH24:MI:SSXFF'),to_timestamp('23/03/12 14:54:00.000000000','RR/MM/DD HH24:MI:SSXFF'),6.92,'00000043');
Insert into WORKRECORD ("근무날짜","출근시간","퇴근시간","총근무시간","알바생번호") values (to_date('23/03/12','RR/MM/DD'),to_timestamp('23/03/12 07:59:00.000000000','RR/MM/DD HH24:MI:SSXFF'),to_timestamp('23/03/12 14:54:00.000000000','RR/MM/DD HH24:MI:SSXFF'),6.92,'00000011');
Insert into WORKRECORD ("근무날짜","출근시간","퇴근시간","총근무시간","알바생번호") values (to_date('23/03/13','RR/MM/DD'),to_timestamp('23/03/13 14:15:00.000000000','RR/MM/DD HH24:MI:SSXFF'),to_timestamp('23/03/13 22:09:00.000000000','RR/MM/DD HH24:MI:SSXFF'),7.91,'00000038');
Insert into WORKRECORD ("근무날짜","출근시간","퇴근시간","총근무시간","알바생번호") values (to_date('23/03/13','RR/MM/DD'),to_timestamp('23/03/13 14:15:00.000000000','RR/MM/DD HH24:MI:SSXFF'),to_timestamp('23/03/13 22:09:00.000000000','RR/MM/DD HH24:MI:SSXFF'),7.91,'00000020');
Insert into WORKRECORD ("근무날짜","출근시간","퇴근시간","총근무시간","알바생번호") values (to_date('23/03/14','RR/MM/DD'),to_timestamp('23/03/14 03:58:00.000000000','RR/MM/DD HH24:MI:SSXFF'),to_timestamp('23/03/14 08:52:00.000000000','RR/MM/DD HH24:MI:SSXFF'),4.91,'00000001');
Insert into WORKRECORD ("근무날짜","출근시간","퇴근시간","총근무시간","알바생번호") values (to_date('23/03/14','RR/MM/DD'),to_timestamp('23/03/14 03:58:00.000000000','RR/MM/DD HH24:MI:SSXFF'),to_timestamp('23/03/14 08:52:00.000000000','RR/MM/DD HH24:MI:SSXFF'),4.91,'00000011');
Insert into WORKRECORD ("근무날짜","출근시간","퇴근시간","총근무시간","알바생번호") values (to_date('23/03/15','RR/MM/DD'),to_timestamp('23/03/15 23:55:00.000000000','RR/MM/DD HH24:MI:SSXFF'),to_timestamp('23/03/16 06:11:00.000000000','RR/MM/DD HH24:MI:SSXFF'),6.27,'00000033');
Insert into WORKRECORD ("근무날짜","출근시간","퇴근시간","총근무시간","알바생번호") values (to_date('23/03/15','RR/MM/DD'),to_timestamp('23/03/15 23:55:00.000000000','RR/MM/DD HH24:MI:SSXFF'),to_timestamp('23/03/16 06:11:00.000000000','RR/MM/DD HH24:MI:SSXFF'),6.27,'00000030');
Insert into WORKRECORD ("근무날짜","출근시간","퇴근시간","총근무시간","알바생번호") values (to_date('23/03/16','RR/MM/DD'),to_timestamp('23/03/16 20:42:00.000000000','RR/MM/DD HH24:MI:SSXFF'),to_timestamp('23/03/17 01:10:00.000000000','RR/MM/DD HH24:MI:SSXFF'),4.48,'00000001');
Insert into WORKRECORD ("근무날짜","출근시간","퇴근시간","총근무시간","알바생번호") values (to_date('23/03/16','RR/MM/DD'),to_timestamp('23/03/16 20:42:00.000000000','RR/MM/DD HH24:MI:SSXFF'),to_timestamp('23/03/17 01:10:00.000000000','RR/MM/DD HH24:MI:SSXFF'),4.48,'00000002');
Insert into WORKRECORD ("근무날짜","출근시간","퇴근시간","총근무시간","알바생번호") values (to_date('23/03/17','RR/MM/DD'),to_timestamp('23/03/17 15:39:00.000000000','RR/MM/DD HH24:MI:SSXFF'),to_timestamp('23/03/17 19:49:00.000000000','RR/MM/DD HH24:MI:SSXFF'),4.17,'00000045');
Insert into WORKRECORD ("근무날짜","출근시간","퇴근시간","총근무시간","알바생번호") values (to_date('23/03/17','RR/MM/DD'),to_timestamp('23/03/17 15:39:00.000000000','RR/MM/DD HH24:MI:SSXFF'),to_timestamp('23/03/17 19:49:00.000000000','RR/MM/DD HH24:MI:SSXFF'),4.17,'00000024');
Insert into WORKRECORD ("근무날짜","출근시간","퇴근시간","총근무시간","알바생번호") values (to_date('23/03/18','RR/MM/DD'),to_timestamp('23/03/18 00:57:00.000000000','RR/MM/DD HH24:MI:SSXFF'),to_timestamp('23/03/18 05:33:00.000000000','RR/MM/DD HH24:MI:SSXFF'),4.6,'00000029');
Insert into WORKRECORD ("근무날짜","출근시간","퇴근시간","총근무시간","알바생번호") values (to_date('23/03/18','RR/MM/DD'),to_timestamp('23/03/18 00:57:00.000000000','RR/MM/DD HH24:MI:SSXFF'),to_timestamp('23/03/18 05:33:00.000000000','RR/MM/DD HH24:MI:SSXFF'),4.6,'00000037');
Insert into WORKRECORD ("근무날짜","출근시간","퇴근시간","총근무시간","알바생번호") values (to_date('23/03/19','RR/MM/DD'),to_timestamp('23/03/19 10:42:00.000000000','RR/MM/DD HH24:MI:SSXFF'),to_timestamp('23/03/19 15:48:00.000000000','RR/MM/DD HH24:MI:SSXFF'),5.11,'00000001');
Insert into WORKRECORD ("근무날짜","출근시간","퇴근시간","총근무시간","알바생번호") values (to_date('23/03/19','RR/MM/DD'),to_timestamp('23/03/19 10:42:00.000000000','RR/MM/DD HH24:MI:SSXFF'),to_timestamp('23/03/19 15:48:00.000000000','RR/MM/DD HH24:MI:SSXFF'),5.11,'00000037');
Insert into WORKRECORD ("근무날짜","출근시간","퇴근시간","총근무시간","알바생번호") values (to_date('23/03/20','RR/MM/DD'),to_timestamp('23/03/20 05:29:00.000000000','RR/MM/DD HH24:MI:SSXFF'),to_timestamp('23/03/20 10:30:00.000000000','RR/MM/DD HH24:MI:SSXFF'),5.02,'00000039');
Insert into WORKRECORD ("근무날짜","출근시간","퇴근시간","총근무시간","알바생번호") values (to_date('23/03/20','RR/MM/DD'),to_timestamp('23/03/20 05:29:00.000000000','RR/MM/DD HH24:MI:SSXFF'),to_timestamp('23/03/20 10:30:00.000000000','RR/MM/DD HH24:MI:SSXFF'),5.02,'00000003');
Insert into WORKRECORD ("근무날짜","출근시간","퇴근시간","총근무시간","알바생번호") values (to_date('23/03/21','RR/MM/DD'),to_timestamp('23/03/21 16:38:00.000000000','RR/MM/DD HH24:MI:SSXFF'),to_timestamp('23/03/21 20:52:00.000000000','RR/MM/DD HH24:MI:SSXFF'),4.24,'00000031');
Insert into WORKRECORD ("근무날짜","출근시간","퇴근시간","총근무시간","알바생번호") values (to_date('23/03/21','RR/MM/DD'),to_timestamp('23/03/21 16:38:00.000000000','RR/MM/DD HH24:MI:SSXFF'),to_timestamp('23/03/21 20:52:00.000000000','RR/MM/DD HH24:MI:SSXFF'),4.24,'00000003');
Insert into WORKRECORD ("근무날짜","출근시간","퇴근시간","총근무시간","알바생번호") values (to_date('23/03/22','RR/MM/DD'),to_timestamp('23/03/22 21:57:00.000000000','RR/MM/DD HH24:MI:SSXFF'),to_timestamp('23/03/23 05:37:00.000000000','RR/MM/DD HH24:MI:SSXFF'),7.67,'00000006');
Insert into WORKRECORD ("근무날짜","출근시간","퇴근시간","총근무시간","알바생번호") values (to_date('23/03/22','RR/MM/DD'),to_timestamp('23/03/22 21:57:00.000000000','RR/MM/DD HH24:MI:SSXFF'),to_timestamp('23/03/23 05:37:00.000000000','RR/MM/DD HH24:MI:SSXFF'),7.67,'00000014');
Insert into WORKRECORD ("근무날짜","출근시간","퇴근시간","총근무시간","알바생번호") values (to_date('23/03/23','RR/MM/DD'),to_timestamp('23/03/23 03:54:00.000000000','RR/MM/DD HH24:MI:SSXFF'),to_timestamp('23/03/23 09:34:00.000000000','RR/MM/DD HH24:MI:SSXFF'),5.67,'00000003');
Insert into WORKRECORD ("근무날짜","출근시간","퇴근시간","총근무시간","알바생번호") values (to_date('23/03/23','RR/MM/DD'),to_timestamp('23/03/23 03:54:00.000000000','RR/MM/DD HH24:MI:SSXFF'),to_timestamp('23/03/23 09:34:00.000000000','RR/MM/DD HH24:MI:SSXFF'),5.67,'00000046');
Insert into WORKRECORD ("근무날짜","출근시간","퇴근시간","총근무시간","알바생번호") values (to_date('23/03/24','RR/MM/DD'),to_timestamp('23/03/24 10:08:00.000000000','RR/MM/DD HH24:MI:SSXFF'),to_timestamp('23/03/24 16:09:00.000000000','RR/MM/DD HH24:MI:SSXFF'),6.03,'00000045');
Insert into WORKRECORD ("근무날짜","출근시간","퇴근시간","총근무시간","알바생번호") values (to_date('23/03/24','RR/MM/DD'),to_timestamp('23/03/24 10:08:00.000000000','RR/MM/DD HH24:MI:SSXFF'),to_timestamp('23/03/24 16:09:00.000000000','RR/MM/DD HH24:MI:SSXFF'),6.03,'00000005');
Insert into WORKRECORD ("근무날짜","출근시간","퇴근시간","총근무시간","알바생번호") values (to_date('23/03/25','RR/MM/DD'),to_timestamp('23/03/25 09:24:00.000000000','RR/MM/DD HH24:MI:SSXFF'),to_timestamp('23/03/25 14:25:00.000000000','RR/MM/DD HH24:MI:SSXFF'),5.02,'00000026');
Insert into WORKRECORD ("근무날짜","출근시간","퇴근시간","총근무시간","알바생번호") values (to_date('23/03/25','RR/MM/DD'),to_timestamp('23/03/25 09:24:00.000000000','RR/MM/DD HH24:MI:SSXFF'),to_timestamp('23/03/25 14:25:00.000000000','RR/MM/DD HH24:MI:SSXFF'),5.02,'00000037');
Insert into WORKRECORD ("근무날짜","출근시간","퇴근시간","총근무시간","알바생번호") values (to_date('23/03/26','RR/MM/DD'),to_timestamp('23/03/26 23:28:00.000000000','RR/MM/DD HH24:MI:SSXFF'),to_timestamp('23/03/27 06:49:00.000000000','RR/MM/DD HH24:MI:SSXFF'),7.35,'00000050');
Insert into WORKRECORD ("근무날짜","출근시간","퇴근시간","총근무시간","알바생번호") values (to_date('23/03/26','RR/MM/DD'),to_timestamp('23/03/26 23:28:00.000000000','RR/MM/DD HH24:MI:SSXFF'),to_timestamp('23/03/27 06:49:00.000000000','RR/MM/DD HH24:MI:SSXFF'),7.35,'00000025');
Insert into WORKRECORD ("근무날짜","출근시간","퇴근시간","총근무시간","알바생번호") values (to_date('23/03/27','RR/MM/DD'),to_timestamp('23/03/27 17:38:00.000000000','RR/MM/DD HH24:MI:SSXFF'),to_timestamp('23/03/28 01:30:00.000000000','RR/MM/DD HH24:MI:SSXFF'),7.88,'00000024');
Insert into WORKRECORD ("근무날짜","출근시간","퇴근시간","총근무시간","알바생번호") values (to_date('23/03/27','RR/MM/DD'),to_timestamp('23/03/27 17:38:00.000000000','RR/MM/DD HH24:MI:SSXFF'),to_timestamp('23/03/28 01:30:00.000000000','RR/MM/DD HH24:MI:SSXFF'),7.88,'00000048');
Insert into WORKRECORD ("근무날짜","출근시간","퇴근시간","총근무시간","알바생번호") values (to_date('23/04/20','RR/MM/DD'),to_timestamp('23/04/20 12:18:00.000000000','RR/MM/DD HH24:MI:SSXFF'),to_timestamp('23/04/20 19:52:00.000000000','RR/MM/DD HH24:MI:SSXFF'),7.57,'00000033');
Insert into WORKRECORD ("근무날짜","출근시간","퇴근시간","총근무시간","알바생번호") values (to_date('23/04/20','RR/MM/DD'),to_timestamp('23/04/20 12:18:00.000000000','RR/MM/DD HH24:MI:SSXFF'),to_timestamp('23/04/20 19:52:00.000000000','RR/MM/DD HH24:MI:SSXFF'),7.57,'00000048');
Insert into WORKRECORD ("근무날짜","출근시간","퇴근시간","총근무시간","알바생번호") values (to_date('23/04/21','RR/MM/DD'),to_timestamp('23/04/21 04:37:00.000000000','RR/MM/DD HH24:MI:SSXFF'),to_timestamp('23/04/21 12:02:00.000000000','RR/MM/DD HH24:MI:SSXFF'),7.42,'00000043');
Insert into WORKRECORD ("근무날짜","출근시간","퇴근시간","총근무시간","알바생번호") values (to_date('23/04/21','RR/MM/DD'),to_timestamp('23/04/21 04:37:00.000000000','RR/MM/DD HH24:MI:SSXFF'),to_timestamp('23/04/21 12:02:00.000000000','RR/MM/DD HH24:MI:SSXFF'),7.42,'00000020');
Insert into WORKRECORD ("근무날짜","출근시간","퇴근시간","총근무시간","알바생번호") values (to_date('23/04/22','RR/MM/DD'),to_timestamp('23/04/22 13:27:00.000000000','RR/MM/DD HH24:MI:SSXFF'),to_timestamp('23/04/22 19:42:00.000000000','RR/MM/DD HH24:MI:SSXFF'),6.26,'00000033');
Insert into WORKRECORD ("근무날짜","출근시간","퇴근시간","총근무시간","알바생번호") values (to_date('23/04/22','RR/MM/DD'),to_timestamp('23/04/22 13:27:00.000000000','RR/MM/DD HH24:MI:SSXFF'),to_timestamp('23/04/22 19:42:00.000000000','RR/MM/DD HH24:MI:SSXFF'),6.26,'00000037');
Insert into WORKRECORD ("근무날짜","출근시간","퇴근시간","총근무시간","알바생번호") values (to_date('23/04/23','RR/MM/DD'),to_timestamp('23/04/23 11:23:00.000000000','RR/MM/DD HH24:MI:SSXFF'),to_timestamp('23/04/23 19:08:00.000000000','RR/MM/DD HH24:MI:SSXFF'),7.76,'00000040');
Insert into WORKRECORD ("근무날짜","출근시간","퇴근시간","총근무시간","알바생번호") values (to_date('23/04/23','RR/MM/DD'),to_timestamp('23/04/23 11:23:00.000000000','RR/MM/DD HH24:MI:SSXFF'),to_timestamp('23/04/23 19:08:00.000000000','RR/MM/DD HH24:MI:SSXFF'),7.76,'00000044');
Insert into WORKRECORD ("근무날짜","출근시간","퇴근시간","총근무시간","알바생번호") values (to_date('23/04/24','RR/MM/DD'),to_timestamp('23/04/24 04:06:00.000000000','RR/MM/DD HH24:MI:SSXFF'),to_timestamp('23/04/24 09:11:00.000000000','RR/MM/DD HH24:MI:SSXFF'),5.09,'00000033');
Insert into WORKRECORD ("근무날짜","출근시간","퇴근시간","총근무시간","알바생번호") values (to_date('23/04/24','RR/MM/DD'),to_timestamp('23/04/24 04:06:00.000000000','RR/MM/DD HH24:MI:SSXFF'),to_timestamp('23/04/24 09:11:00.000000000','RR/MM/DD HH24:MI:SSXFF'),5.09,'00000012');
Insert into WORKRECORD ("근무날짜","출근시간","퇴근시간","총근무시간","알바생번호") values (to_date('23/04/25','RR/MM/DD'),to_timestamp('23/04/25 09:47:00.000000000','RR/MM/DD HH24:MI:SSXFF'),to_timestamp('23/04/25 16:07:00.000000000','RR/MM/DD HH24:MI:SSXFF'),6.34,'00000035');
Insert into WORKRECORD ("근무날짜","출근시간","퇴근시간","총근무시간","알바생번호") values (to_date('23/04/25','RR/MM/DD'),to_timestamp('23/04/25 09:47:00.000000000','RR/MM/DD HH24:MI:SSXFF'),to_timestamp('23/04/25 16:07:00.000000000','RR/MM/DD HH24:MI:SSXFF'),6.34,'00000009');
Insert into WORKRECORD ("근무날짜","출근시간","퇴근시간","총근무시간","알바생번호") values (to_date('23/04/26','RR/MM/DD'),to_timestamp('23/04/26 21:32:00.000000000','RR/MM/DD HH24:MI:SSXFF'),to_timestamp('23/04/27 02:36:00.000000000','RR/MM/DD HH24:MI:SSXFF'),5.07,'00000029');
Insert into WORKRECORD ("근무날짜","출근시간","퇴근시간","총근무시간","알바생번호") values (to_date('23/04/26','RR/MM/DD'),to_timestamp('23/04/26 21:32:00.000000000','RR/MM/DD HH24:MI:SSXFF'),to_timestamp('23/04/27 02:36:00.000000000','RR/MM/DD HH24:MI:SSXFF'),5.07,'00000048');
Insert into WORKRECORD ("근무날짜","출근시간","퇴근시간","총근무시간","알바생번호") values (to_date('23/04/27','RR/MM/DD'),to_timestamp('23/04/27 02:43:00.000000000','RR/MM/DD HH24:MI:SSXFF'),to_timestamp('23/04/27 07:56:00.000000000','RR/MM/DD HH24:MI:SSXFF'),5.22,'00000041');
Insert into WORKRECORD ("근무날짜","출근시간","퇴근시간","총근무시간","알바생번호") values (to_date('23/04/27','RR/MM/DD'),to_timestamp('23/04/27 02:43:00.000000000','RR/MM/DD HH24:MI:SSXFF'),to_timestamp('23/04/27 07:56:00.000000000','RR/MM/DD HH24:MI:SSXFF'),5.22,'00000006');
Insert into WORKRECORD ("근무날짜","출근시간","퇴근시간","총근무시간","알바생번호") values (to_date('23/04/28','RR/MM/DD'),to_timestamp('23/04/28 10:45:00.000000000','RR/MM/DD HH24:MI:SSXFF'),to_timestamp('23/04/28 16:10:00.000000000','RR/MM/DD HH24:MI:SSXFF'),5.43,'00000017');
Insert into WORKRECORD ("근무날짜","출근시간","퇴근시간","총근무시간","알바생번호") values (to_date('23/04/28','RR/MM/DD'),to_timestamp('23/04/28 10:45:00.000000000','RR/MM/DD HH24:MI:SSXFF'),to_timestamp('23/04/28 16:10:00.000000000','RR/MM/DD HH24:MI:SSXFF'),5.43,'00000013');
Insert into WORKRECORD ("근무날짜","출근시간","퇴근시간","총근무시간","알바생번호") values (to_date('23/04/29','RR/MM/DD'),to_timestamp('23/04/29 10:05:00.000000000','RR/MM/DD HH24:MI:SSXFF'),to_timestamp('23/04/29 14:53:00.000000000','RR/MM/DD HH24:MI:SSXFF'),4.8,'00000017');
Insert into WORKRECORD ("근무날짜","출근시간","퇴근시간","총근무시간","알바생번호") values (to_date('23/04/29','RR/MM/DD'),to_timestamp('23/04/29 10:05:00.000000000','RR/MM/DD HH24:MI:SSXFF'),to_timestamp('23/04/29 14:53:00.000000000','RR/MM/DD HH24:MI:SSXFF'),4.8,'00000037');
Insert into WORKRECORD ("근무날짜","출근시간","퇴근시간","총근무시간","알바생번호") values (to_date('23/04/30','RR/MM/DD'),to_timestamp('23/04/30 22:42:00.000000000','RR/MM/DD HH24:MI:SSXFF'),to_timestamp('23/05/01 03:58:00.000000000','RR/MM/DD HH24:MI:SSXFF'),5.27,'00000039');
Insert into WORKRECORD ("근무날짜","출근시간","퇴근시간","총근무시간","알바생번호") values (to_date('23/04/30','RR/MM/DD'),to_timestamp('23/04/30 22:42:00.000000000','RR/MM/DD HH24:MI:SSXFF'),to_timestamp('23/05/01 03:58:00.000000000','RR/MM/DD HH24:MI:SSXFF'),5.27,'00000043');
Insert into WORKRECORD ("근무날짜","출근시간","퇴근시간","총근무시간","알바생번호") values (to_date('23/05/01','RR/MM/DD'),to_timestamp('23/05/01 20:53:00.000000000','RR/MM/DD HH24:MI:SSXFF'),to_timestamp('23/05/02 02:26:00.000000000','RR/MM/DD HH24:MI:SSXFF'),5.55,'00000039');
Insert into WORKRECORD ("근무날짜","출근시간","퇴근시간","총근무시간","알바생번호") values (to_date('23/05/01','RR/MM/DD'),to_timestamp('23/05/01 20:53:00.000000000','RR/MM/DD HH24:MI:SSXFF'),to_timestamp('23/05/02 02:26:00.000000000','RR/MM/DD HH24:MI:SSXFF'),5.55,'00000035');
Insert into WORKRECORD ("근무날짜","출근시간","퇴근시간","총근무시간","알바생번호") values (to_date('23/05/02','RR/MM/DD'),to_timestamp('23/05/02 01:33:00.000000000','RR/MM/DD HH24:MI:SSXFF'),to_timestamp('23/05/02 06:04:00.000000000','RR/MM/DD HH24:MI:SSXFF'),4.53,'00000030');
Insert into WORKRECORD ("근무날짜","출근시간","퇴근시간","총근무시간","알바생번호") values (to_date('23/05/02','RR/MM/DD'),to_timestamp('23/05/02 01:33:00.000000000','RR/MM/DD HH24:MI:SSXFF'),to_timestamp('23/05/02 06:04:00.000000000','RR/MM/DD HH24:MI:SSXFF'),4.53,'00000009');
Insert into WORKRECORD ("근무날짜","출근시간","퇴근시간","총근무시간","알바생번호") values (to_date('23/05/03','RR/MM/DD'),to_timestamp('23/05/03 14:11:00.000000000','RR/MM/DD HH24:MI:SSXFF'),to_timestamp('23/05/03 20:43:00.000000000','RR/MM/DD HH24:MI:SSXFF'),6.54,'00000043');
Insert into WORKRECORD ("근무날짜","출근시간","퇴근시간","총근무시간","알바생번호") values (to_date('23/05/03','RR/MM/DD'),to_timestamp('23/05/03 14:11:00.000000000','RR/MM/DD HH24:MI:SSXFF'),to_timestamp('23/05/03 20:43:00.000000000','RR/MM/DD HH24:MI:SSXFF'),6.54,'00000037');
Insert into WORKRECORD ("근무날짜","출근시간","퇴근시간","총근무시간","알바생번호") values (to_date('23/05/04','RR/MM/DD'),to_timestamp('23/05/04 21:19:00.000000000','RR/MM/DD HH24:MI:SSXFF'),to_timestamp('23/05/05 03:43:00.000000000','RR/MM/DD HH24:MI:SSXFF'),6.4,'00000021');
Insert into WORKRECORD ("근무날짜","출근시간","퇴근시간","총근무시간","알바생번호") values (to_date('23/03/28','RR/MM/DD'),to_timestamp('23/03/28 02:37:00.000000000','RR/MM/DD HH24:MI:SSXFF'),to_timestamp('23/03/28 09:53:00.000000000','RR/MM/DD HH24:MI:SSXFF'),7.27,'00000047');
Insert into WORKRECORD ("근무날짜","출근시간","퇴근시간","총근무시간","알바생번호") values (to_date('23/03/28','RR/MM/DD'),to_timestamp('23/03/28 02:37:00.000000000','RR/MM/DD HH24:MI:SSXFF'),to_timestamp('23/03/28 09:53:00.000000000','RR/MM/DD HH24:MI:SSXFF'),7.27,'00000014');
Insert into WORKRECORD ("근무날짜","출근시간","퇴근시간","총근무시간","알바생번호") values (to_date('23/03/29','RR/MM/DD'),to_timestamp('23/03/29 18:46:00.000000000','RR/MM/DD HH24:MI:SSXFF'),to_timestamp('23/03/29 23:29:00.000000000','RR/MM/DD HH24:MI:SSXFF'),4.73,'00000022');
Insert into WORKRECORD ("근무날짜","출근시간","퇴근시간","총근무시간","알바생번호") values (to_date('23/03/29','RR/MM/DD'),to_timestamp('23/03/29 18:46:00.000000000','RR/MM/DD HH24:MI:SSXFF'),to_timestamp('23/03/29 23:29:00.000000000','RR/MM/DD HH24:MI:SSXFF'),4.73,'00000010');
Insert into WORKRECORD ("근무날짜","출근시간","퇴근시간","총근무시간","알바생번호") values (to_date('23/03/30','RR/MM/DD'),to_timestamp('23/03/30 03:44:00.000000000','RR/MM/DD HH24:MI:SSXFF'),to_timestamp('23/03/30 08:41:00.000000000','RR/MM/DD HH24:MI:SSXFF'),4.96,'00000005');
Insert into WORKRECORD ("근무날짜","출근시간","퇴근시간","총근무시간","알바생번호") values (to_date('23/03/30','RR/MM/DD'),to_timestamp('23/03/30 03:44:00.000000000','RR/MM/DD HH24:MI:SSXFF'),to_timestamp('23/03/30 08:41:00.000000000','RR/MM/DD HH24:MI:SSXFF'),4.96,'00000030');
Insert into WORKRECORD ("근무날짜","출근시간","퇴근시간","총근무시간","알바생번호") values (to_date('23/03/31','RR/MM/DD'),to_timestamp('23/03/31 22:28:00.000000000','RR/MM/DD HH24:MI:SSXFF'),to_timestamp('23/04/01 04:26:00.000000000','RR/MM/DD HH24:MI:SSXFF'),5.98,'00000034');
Insert into WORKRECORD ("근무날짜","출근시간","퇴근시간","총근무시간","알바생번호") values (to_date('23/03/31','RR/MM/DD'),to_timestamp('23/03/31 22:28:00.000000000','RR/MM/DD HH24:MI:SSXFF'),to_timestamp('23/04/01 04:26:00.000000000','RR/MM/DD HH24:MI:SSXFF'),5.98,'00000015');
Insert into WORKRECORD ("근무날짜","출근시간","퇴근시간","총근무시간","알바생번호") values (to_date('23/04/01','RR/MM/DD'),to_timestamp('23/04/01 19:03:00.000000000','RR/MM/DD HH24:MI:SSXFF'),to_timestamp('23/04/02 00:49:00.000000000','RR/MM/DD HH24:MI:SSXFF'),5.77,'00000037');
Insert into WORKRECORD ("근무날짜","출근시간","퇴근시간","총근무시간","알바생번호") values (to_date('23/04/01','RR/MM/DD'),to_timestamp('23/04/01 19:03:00.000000000','RR/MM/DD HH24:MI:SSXFF'),to_timestamp('23/04/02 00:49:00.000000000','RR/MM/DD HH24:MI:SSXFF'),5.77,'00000013');
Insert into WORKRECORD ("근무날짜","출근시간","퇴근시간","총근무시간","알바생번호") values (to_date('23/04/02','RR/MM/DD'),to_timestamp('23/04/02 15:18:00.000000000','RR/MM/DD HH24:MI:SSXFF'),to_timestamp('23/04/02 21:49:00.000000000','RR/MM/DD HH24:MI:SSXFF'),6.53,'00000021');
Insert into WORKRECORD ("근무날짜","출근시간","퇴근시간","총근무시간","알바생번호") values (to_date('23/04/02','RR/MM/DD'),to_timestamp('23/04/02 15:18:00.000000000','RR/MM/DD HH24:MI:SSXFF'),to_timestamp('23/04/02 21:49:00.000000000','RR/MM/DD HH24:MI:SSXFF'),6.53,'00000020');
Insert into WORKRECORD ("근무날짜","출근시간","퇴근시간","총근무시간","알바생번호") values (to_date('23/04/03','RR/MM/DD'),to_timestamp('23/04/03 14:13:00.000000000','RR/MM/DD HH24:MI:SSXFF'),to_timestamp('23/04/03 21:21:00.000000000','RR/MM/DD HH24:MI:SSXFF'),7.14,'00000035');
Insert into WORKRECORD ("근무날짜","출근시간","퇴근시간","총근무시간","알바생번호") values (to_date('23/04/03','RR/MM/DD'),to_timestamp('23/04/03 14:13:00.000000000','RR/MM/DD HH24:MI:SSXFF'),to_timestamp('23/04/03 21:21:00.000000000','RR/MM/DD HH24:MI:SSXFF'),7.14,'00000029');
Insert into WORKRECORD ("근무날짜","출근시간","퇴근시간","총근무시간","알바생번호") values (to_date('23/04/04','RR/MM/DD'),to_timestamp('23/04/04 21:01:00.000000000','RR/MM/DD HH24:MI:SSXFF'),to_timestamp('23/04/05 04:22:00.000000000','RR/MM/DD HH24:MI:SSXFF'),7.35,'00000013');
Insert into WORKRECORD ("근무날짜","출근시간","퇴근시간","총근무시간","알바생번호") values (to_date('23/04/04','RR/MM/DD'),to_timestamp('23/04/04 21:01:00.000000000','RR/MM/DD HH24:MI:SSXFF'),to_timestamp('23/04/05 04:22:00.000000000','RR/MM/DD HH24:MI:SSXFF'),7.35,'00000012');
Insert into WORKRECORD ("근무날짜","출근시간","퇴근시간","총근무시간","알바생번호") values (to_date('23/04/05','RR/MM/DD'),to_timestamp('23/04/05 06:07:00.000000000','RR/MM/DD HH24:MI:SSXFF'),to_timestamp('23/04/05 10:50:00.000000000','RR/MM/DD HH24:MI:SSXFF'),4.73,'00000013');
Insert into WORKRECORD ("근무날짜","출근시간","퇴근시간","총근무시간","알바생번호") values (to_date('23/04/05','RR/MM/DD'),to_timestamp('23/04/05 06:07:00.000000000','RR/MM/DD HH24:MI:SSXFF'),to_timestamp('23/04/05 10:50:00.000000000','RR/MM/DD HH24:MI:SSXFF'),4.73,'00000048');
Insert into WORKRECORD ("근무날짜","출근시간","퇴근시간","총근무시간","알바생번호") values (to_date('23/04/06','RR/MM/DD'),to_timestamp('23/04/06 22:56:00.000000000','RR/MM/DD HH24:MI:SSXFF'),to_timestamp('23/04/07 06:03:00.000000000','RR/MM/DD HH24:MI:SSXFF'),7.12,'00000049');
Insert into WORKRECORD ("근무날짜","출근시간","퇴근시간","총근무시간","알바생번호") values (to_date('23/04/06','RR/MM/DD'),to_timestamp('23/04/06 22:56:00.000000000','RR/MM/DD HH24:MI:SSXFF'),to_timestamp('23/04/07 06:03:00.000000000','RR/MM/DD HH24:MI:SSXFF'),7.12,'00000003');
Insert into WORKRECORD ("근무날짜","출근시간","퇴근시간","총근무시간","알바생번호") values (to_date('23/04/07','RR/MM/DD'),to_timestamp('23/04/07 10:25:00.000000000','RR/MM/DD HH24:MI:SSXFF'),to_timestamp('23/04/07 14:28:00.000000000','RR/MM/DD HH24:MI:SSXFF'),4.05,'00000018');
Insert into WORKRECORD ("근무날짜","출근시간","퇴근시간","총근무시간","알바생번호") values (to_date('23/04/07','RR/MM/DD'),to_timestamp('23/04/07 10:25:00.000000000','RR/MM/DD HH24:MI:SSXFF'),to_timestamp('23/04/07 14:28:00.000000000','RR/MM/DD HH24:MI:SSXFF'),4.05,'00000030');
Insert into WORKRECORD ("근무날짜","출근시간","퇴근시간","총근무시간","알바생번호") values (to_date('23/04/08','RR/MM/DD'),to_timestamp('23/04/08 19:30:00.000000000','RR/MM/DD HH24:MI:SSXFF'),to_timestamp('23/04/09 02:06:00.000000000','RR/MM/DD HH24:MI:SSXFF'),6.6,'00000022');
Insert into WORKRECORD ("근무날짜","출근시간","퇴근시간","총근무시간","알바생번호") values (to_date('23/04/08','RR/MM/DD'),to_timestamp('23/04/08 19:30:00.000000000','RR/MM/DD HH24:MI:SSXFF'),to_timestamp('23/04/09 02:06:00.000000000','RR/MM/DD HH24:MI:SSXFF'),6.6,'00000024');
Insert into WORKRECORD ("근무날짜","출근시간","퇴근시간","총근무시간","알바생번호") values (to_date('23/04/09','RR/MM/DD'),to_timestamp('23/04/09 16:32:00.000000000','RR/MM/DD HH24:MI:SSXFF'),to_timestamp('23/04/09 23:04:00.000000000','RR/MM/DD HH24:MI:SSXFF'),6.54,'00000007');
Insert into WORKRECORD ("근무날짜","출근시간","퇴근시간","총근무시간","알바생번호") values (to_date('23/04/09','RR/MM/DD'),to_timestamp('23/04/09 16:32:00.000000000','RR/MM/DD HH24:MI:SSXFF'),to_timestamp('23/04/09 23:04:00.000000000','RR/MM/DD HH24:MI:SSXFF'),6.54,'00000018');
Insert into WORKRECORD ("근무날짜","출근시간","퇴근시간","총근무시간","알바생번호") values (to_date('23/04/10','RR/MM/DD'),to_timestamp('23/04/10 16:41:00.000000000','RR/MM/DD HH24:MI:SSXFF'),to_timestamp('23/04/10 20:55:00.000000000','RR/MM/DD HH24:MI:SSXFF'),4.24,'00000003');
Insert into WORKRECORD ("근무날짜","출근시간","퇴근시간","총근무시간","알바생번호") values (to_date('23/04/10','RR/MM/DD'),to_timestamp('23/04/10 16:41:00.000000000','RR/MM/DD HH24:MI:SSXFF'),to_timestamp('23/04/10 20:55:00.000000000','RR/MM/DD HH24:MI:SSXFF'),4.24,'00000014');
Insert into WORKRECORD ("근무날짜","출근시간","퇴근시간","총근무시간","알바생번호") values (to_date('23/04/11','RR/MM/DD'),to_timestamp('23/04/11 19:18:00.000000000','RR/MM/DD HH24:MI:SSXFF'),to_timestamp('23/04/12 01:49:00.000000000','RR/MM/DD HH24:MI:SSXFF'),6.53,'00000040');
Insert into WORKRECORD ("근무날짜","출근시간","퇴근시간","총근무시간","알바생번호") values (to_date('23/04/11','RR/MM/DD'),to_timestamp('23/04/11 19:18:00.000000000','RR/MM/DD HH24:MI:SSXFF'),to_timestamp('23/04/12 01:49:00.000000000','RR/MM/DD HH24:MI:SSXFF'),6.53,'00000014');
Insert into WORKRECORD ("근무날짜","출근시간","퇴근시간","총근무시간","알바생번호") values (to_date('23/04/12','RR/MM/DD'),to_timestamp('23/04/12 21:40:00.000000000','RR/MM/DD HH24:MI:SSXFF'),to_timestamp('23/04/13 05:14:00.000000000','RR/MM/DD HH24:MI:SSXFF'),7.58,'00000022');
Insert into WORKRECORD ("근무날짜","출근시간","퇴근시간","총근무시간","알바생번호") values (to_date('23/04/12','RR/MM/DD'),to_timestamp('23/04/12 21:40:00.000000000','RR/MM/DD HH24:MI:SSXFF'),to_timestamp('23/04/13 05:14:00.000000000','RR/MM/DD HH24:MI:SSXFF'),7.58,'00000024');
Insert into WORKRECORD ("근무날짜","출근시간","퇴근시간","총근무시간","알바생번호") values (to_date('23/04/13','RR/MM/DD'),to_timestamp('23/04/13 15:05:00.000000000','RR/MM/DD HH24:MI:SSXFF'),to_timestamp('23/04/13 19:41:00.000000000','RR/MM/DD HH24:MI:SSXFF'),4.61,'00000000');
Insert into WORKRECORD ("근무날짜","출근시간","퇴근시간","총근무시간","알바생번호") values (to_date('23/04/13','RR/MM/DD'),to_timestamp('23/04/13 15:05:00.000000000','RR/MM/DD HH24:MI:SSXFF'),to_timestamp('23/04/13 19:41:00.000000000','RR/MM/DD HH24:MI:SSXFF'),4.61,'00000002');
Insert into WORKRECORD ("근무날짜","출근시간","퇴근시간","총근무시간","알바생번호") values (to_date('23/04/14','RR/MM/DD'),to_timestamp('23/04/14 10:12:00.000000000','RR/MM/DD HH24:MI:SSXFF'),to_timestamp('23/04/14 18:08:00.000000000','RR/MM/DD HH24:MI:SSXFF'),7.94,'00000042');
Insert into WORKRECORD ("근무날짜","출근시간","퇴근시간","총근무시간","알바생번호") values (to_date('23/04/14','RR/MM/DD'),to_timestamp('23/04/14 10:12:00.000000000','RR/MM/DD HH24:MI:SSXFF'),to_timestamp('23/04/14 18:08:00.000000000','RR/MM/DD HH24:MI:SSXFF'),7.94,'00000012');
Insert into WORKRECORD ("근무날짜","출근시간","퇴근시간","총근무시간","알바생번호") values (to_date('23/04/15','RR/MM/DD'),to_timestamp('23/04/15 15:46:00.000000000','RR/MM/DD HH24:MI:SSXFF'),to_timestamp('23/04/15 21:20:00.000000000','RR/MM/DD HH24:MI:SSXFF'),5.57,'00000031');
Insert into WORKRECORD ("근무날짜","출근시간","퇴근시간","총근무시간","알바생번호") values (to_date('23/04/15','RR/MM/DD'),to_timestamp('23/04/15 15:46:00.000000000','RR/MM/DD HH24:MI:SSXFF'),to_timestamp('23/04/15 21:20:00.000000000','RR/MM/DD HH24:MI:SSXFF'),5.57,'00000017');
Insert into WORKRECORD ("근무날짜","출근시간","퇴근시간","총근무시간","알바생번호") values (to_date('23/04/16','RR/MM/DD'),to_timestamp('23/04/16 00:07:00.000000000','RR/MM/DD HH24:MI:SSXFF'),to_timestamp('23/04/16 06:10:00.000000000','RR/MM/DD HH24:MI:SSXFF'),6.05,'00000002');
Insert into WORKRECORD ("근무날짜","출근시간","퇴근시간","총근무시간","알바생번호") values (to_date('23/04/16','RR/MM/DD'),to_timestamp('23/04/16 00:07:00.000000000','RR/MM/DD HH24:MI:SSXFF'),to_timestamp('23/04/16 06:10:00.000000000','RR/MM/DD HH24:MI:SSXFF'),6.05,'00000019');
Insert into WORKRECORD ("근무날짜","출근시간","퇴근시간","총근무시간","알바생번호") values (to_date('23/04/17','RR/MM/DD'),to_timestamp('23/04/17 22:24:00.000000000','RR/MM/DD HH24:MI:SSXFF'),to_timestamp('23/04/18 03:13:00.000000000','RR/MM/DD HH24:MI:SSXFF'),4.82,'00000049');
Insert into WORKRECORD ("근무날짜","출근시간","퇴근시간","총근무시간","알바생번호") values (to_date('23/04/17','RR/MM/DD'),to_timestamp('23/04/17 22:24:00.000000000','RR/MM/DD HH24:MI:SSXFF'),to_timestamp('23/04/18 03:13:00.000000000','RR/MM/DD HH24:MI:SSXFF'),4.82,'00000020');
Insert into WORKRECORD ("근무날짜","출근시간","퇴근시간","총근무시간","알바생번호") values (to_date('23/04/18','RR/MM/DD'),to_timestamp('23/04/18 17:58:00.000000000','RR/MM/DD HH24:MI:SSXFF'),to_timestamp('23/04/19 00:00:00.000000000','RR/MM/DD HH24:MI:SSXFF'),6.04,'00000006');
Insert into WORKRECORD ("근무날짜","출근시간","퇴근시간","총근무시간","알바생번호") values (to_date('23/04/18','RR/MM/DD'),to_timestamp('23/04/18 17:58:00.000000000','RR/MM/DD HH24:MI:SSXFF'),to_timestamp('23/04/19 00:00:00.000000000','RR/MM/DD HH24:MI:SSXFF'),6.04,'00000040');
Insert into WORKRECORD ("근무날짜","출근시간","퇴근시간","총근무시간","알바생번호") values (to_date('23/04/19','RR/MM/DD'),to_timestamp('23/04/19 12:56:00.000000000','RR/MM/DD HH24:MI:SSXFF'),to_timestamp('23/04/19 17:29:00.000000000','RR/MM/DD HH24:MI:SSXFF'),4.56,'00000000');
Insert into WORKRECORD ("근무날짜","출근시간","퇴근시간","총근무시간","알바생번호") values (to_date('23/04/19','RR/MM/DD'),to_timestamp('23/04/19 12:56:00.000000000','RR/MM/DD HH24:MI:SSXFF'),to_timestamp('23/04/19 17:29:00.000000000','RR/MM/DD HH24:MI:SSXFF'),4.56,'00000051');
Insert into WORKRECORD ("근무날짜","출근시간","퇴근시간","총근무시간","알바생번호") values (to_date('23/05/04','RR/MM/DD'),to_timestamp('23/05/04 21:19:00.000000000','RR/MM/DD HH24:MI:SSXFF'),to_timestamp('23/05/05 03:43:00.000000000','RR/MM/DD HH24:MI:SSXFF'),6.4,'00000011');
Insert into WORKRECORD ("근무날짜","출근시간","퇴근시간","총근무시간","알바생번호") values (to_date('23/05/05','RR/MM/DD'),to_timestamp('23/05/05 07:38:00.000000000','RR/MM/DD HH24:MI:SSXFF'),to_timestamp('23/05/05 15:35:00.000000000','RR/MM/DD HH24:MI:SSXFF'),7.96,'00000010');
Insert into WORKRECORD ("근무날짜","출근시간","퇴근시간","총근무시간","알바생번호") values (to_date('23/05/05','RR/MM/DD'),to_timestamp('23/05/05 07:38:00.000000000','RR/MM/DD HH24:MI:SSXFF'),to_timestamp('23/05/05 15:35:00.000000000','RR/MM/DD HH24:MI:SSXFF'),7.96,'00000008');
Insert into WORKRECORD ("근무날짜","출근시간","퇴근시간","총근무시간","알바생번호") values (to_date('23/05/06','RR/MM/DD'),to_timestamp('23/05/06 06:27:00.000000000','RR/MM/DD HH24:MI:SSXFF'),to_timestamp('23/05/06 13:07:00.000000000','RR/MM/DD HH24:MI:SSXFF'),6.67,'00000049');
Insert into WORKRECORD ("근무날짜","출근시간","퇴근시간","총근무시간","알바생번호") values (to_date('23/05/06','RR/MM/DD'),to_timestamp('23/05/06 06:27:00.000000000','RR/MM/DD HH24:MI:SSXFF'),to_timestamp('23/05/06 13:07:00.000000000','RR/MM/DD HH24:MI:SSXFF'),6.67,'00000001');
Insert into WORKRECORD ("근무날짜","출근시간","퇴근시간","총근무시간","알바생번호") values (to_date('23/05/07','RR/MM/DD'),to_timestamp('23/05/07 22:34:00.000000000','RR/MM/DD HH24:MI:SSXFF'),to_timestamp('23/05/08 05:12:00.000000000','RR/MM/DD HH24:MI:SSXFF'),6.64,'00000016');
Insert into WORKRECORD ("근무날짜","출근시간","퇴근시간","총근무시간","알바생번호") values (to_date('23/05/07','RR/MM/DD'),to_timestamp('23/05/07 22:34:00.000000000','RR/MM/DD HH24:MI:SSXFF'),to_timestamp('23/05/08 05:12:00.000000000','RR/MM/DD HH24:MI:SSXFF'),6.64,'00000000');
Insert into WORKRECORD ("근무날짜","출근시간","퇴근시간","총근무시간","알바생번호") values (to_date('23/05/08','RR/MM/DD'),to_timestamp('23/05/08 16:38:00.000000000','RR/MM/DD HH24:MI:SSXFF'),to_timestamp('23/05/08 22:39:00.000000000','RR/MM/DD HH24:MI:SSXFF'),6.02,'00000047');
Insert into WORKRECORD ("근무날짜","출근시간","퇴근시간","총근무시간","알바생번호") values (to_date('23/05/08','RR/MM/DD'),to_timestamp('23/05/08 16:38:00.000000000','RR/MM/DD HH24:MI:SSXFF'),to_timestamp('23/05/08 22:39:00.000000000','RR/MM/DD HH24:MI:SSXFF'),6.02,'00000000');
Insert into WORKRECORD ("근무날짜","출근시간","퇴근시간","총근무시간","알바생번호") values (to_date('23/05/09','RR/MM/DD'),to_timestamp('23/05/09 07:30:00.000000000','RR/MM/DD HH24:MI:SSXFF'),to_timestamp('23/05/09 15:22:00.000000000','RR/MM/DD HH24:MI:SSXFF'),7.88,'00000047');
Insert into WORKRECORD ("근무날짜","출근시간","퇴근시간","총근무시간","알바생번호") values (to_date('23/05/09','RR/MM/DD'),to_timestamp('23/05/09 07:30:00.000000000','RR/MM/DD HH24:MI:SSXFF'),to_timestamp('23/05/09 15:22:00.000000000','RR/MM/DD HH24:MI:SSXFF'),7.88,'00000006');
Insert into WORKRECORD ("근무날짜","출근시간","퇴근시간","총근무시간","알바생번호") values (to_date('23/05/10','RR/MM/DD'),to_timestamp('23/05/10 03:07:00.000000000','RR/MM/DD HH24:MI:SSXFF'),to_timestamp('23/05/10 09:13:00.000000000','RR/MM/DD HH24:MI:SSXFF'),6.11,'00000031');
Insert into WORKRECORD ("근무날짜","출근시간","퇴근시간","총근무시간","알바생번호") values (to_date('23/05/10','RR/MM/DD'),to_timestamp('23/05/10 03:07:00.000000000','RR/MM/DD HH24:MI:SSXFF'),to_timestamp('23/05/10 09:13:00.000000000','RR/MM/DD HH24:MI:SSXFF'),6.11,'00000017');
Insert into WORKRECORD ("근무날짜","출근시간","퇴근시간","총근무시간","알바생번호") values (to_date('23/05/11','RR/MM/DD'),to_timestamp('23/05/11 23:29:00.000000000','RR/MM/DD HH24:MI:SSXFF'),to_timestamp('23/05/12 07:25:00.000000000','RR/MM/DD HH24:MI:SSXFF'),7.94,'00000029');
Insert into WORKRECORD ("근무날짜","출근시간","퇴근시간","총근무시간","알바생번호") values (to_date('23/05/11','RR/MM/DD'),to_timestamp('23/05/11 23:29:00.000000000','RR/MM/DD HH24:MI:SSXFF'),to_timestamp('23/05/12 07:25:00.000000000','RR/MM/DD HH24:MI:SSXFF'),7.94,'00000014');
Insert into WORKRECORD ("근무날짜","출근시간","퇴근시간","총근무시간","알바생번호") values (to_date('23/05/12','RR/MM/DD'),to_timestamp('23/05/12 15:49:00.000000000','RR/MM/DD HH24:MI:SSXFF'),to_timestamp('23/05/12 22:40:00.000000000','RR/MM/DD HH24:MI:SSXFF'),6.85,'00000018');
Insert into WORKRECORD ("근무날짜","출근시간","퇴근시간","총근무시간","알바생번호") values (to_date('23/05/12','RR/MM/DD'),to_timestamp('23/05/12 15:49:00.000000000','RR/MM/DD HH24:MI:SSXFF'),to_timestamp('23/05/12 22:40:00.000000000','RR/MM/DD HH24:MI:SSXFF'),6.85,'00000040');
Insert into WORKRECORD ("근무날짜","출근시간","퇴근시간","총근무시간","알바생번호") values (to_date('23/05/13','RR/MM/DD'),to_timestamp('23/05/13 18:04:00.000000000','RR/MM/DD HH24:MI:SSXFF'),to_timestamp('23/05/13 23:55:00.000000000','RR/MM/DD HH24:MI:SSXFF'),5.86,'00000009');
Insert into WORKRECORD ("근무날짜","출근시간","퇴근시간","총근무시간","알바생번호") values (to_date('23/05/13','RR/MM/DD'),to_timestamp('23/05/13 18:04:00.000000000','RR/MM/DD HH24:MI:SSXFF'),to_timestamp('23/05/13 23:55:00.000000000','RR/MM/DD HH24:MI:SSXFF'),5.86,'00000014');
Insert into WORKRECORD ("근무날짜","출근시간","퇴근시간","총근무시간","알바생번호") values (to_date('23/05/14','RR/MM/DD'),to_timestamp('23/05/14 00:36:00.000000000','RR/MM/DD HH24:MI:SSXFF'),to_timestamp('23/05/14 05:13:00.000000000','RR/MM/DD HH24:MI:SSXFF'),4.63,'00000008');
Insert into WORKRECORD ("근무날짜","출근시간","퇴근시간","총근무시간","알바생번호") values (to_date('23/05/14','RR/MM/DD'),to_timestamp('23/05/14 00:36:00.000000000','RR/MM/DD HH24:MI:SSXFF'),to_timestamp('23/05/14 05:13:00.000000000','RR/MM/DD HH24:MI:SSXFF'),4.63,'00000024');
Insert into WORKRECORD ("근무날짜","출근시간","퇴근시간","총근무시간","알바생번호") values (to_date('23/05/15','RR/MM/DD'),to_timestamp('23/05/15 10:18:00.000000000','RR/MM/DD HH24:MI:SSXFF'),to_timestamp('23/05/15 15:30:00.000000000','RR/MM/DD HH24:MI:SSXFF'),5.2,'00000005');
Insert into WORKRECORD ("근무날짜","출근시간","퇴근시간","총근무시간","알바생번호") values (to_date('23/05/15','RR/MM/DD'),to_timestamp('23/05/15 10:18:00.000000000','RR/MM/DD HH24:MI:SSXFF'),to_timestamp('23/05/15 15:30:00.000000000','RR/MM/DD HH24:MI:SSXFF'),5.2,'00000035');
Insert into WORKRECORD ("근무날짜","출근시간","퇴근시간","총근무시간","알바생번호") values (to_date('23/05/16','RR/MM/DD'),to_timestamp('23/05/16 12:45:00.000000000','RR/MM/DD HH24:MI:SSXFF'),to_timestamp('23/05/16 20:12:00.000000000','RR/MM/DD HH24:MI:SSXFF'),7.46,'00000012');
Insert into WORKRECORD ("근무날짜","출근시간","퇴근시간","총근무시간","알바생번호") values (to_date('23/05/16','RR/MM/DD'),to_timestamp('23/05/16 12:45:00.000000000','RR/MM/DD HH24:MI:SSXFF'),to_timestamp('23/05/16 20:12:00.000000000','RR/MM/DD HH24:MI:SSXFF'),7.46,'00000004');
Insert into WORKRECORD ("근무날짜","출근시간","퇴근시간","총근무시간","알바생번호") values (to_date('23/05/17','RR/MM/DD'),to_timestamp('23/05/17 01:11:00.000000000','RR/MM/DD HH24:MI:SSXFF'),to_timestamp('23/05/17 08:04:00.000000000','RR/MM/DD HH24:MI:SSXFF'),6.89,'00000022');
Insert into WORKRECORD ("근무날짜","출근시간","퇴근시간","총근무시간","알바생번호") values (to_date('23/05/17','RR/MM/DD'),to_timestamp('23/05/17 01:11:00.000000000','RR/MM/DD HH24:MI:SSXFF'),to_timestamp('23/05/17 08:04:00.000000000','RR/MM/DD HH24:MI:SSXFF'),6.89,'00000020');
Insert into WORKRECORD ("근무날짜","출근시간","퇴근시간","총근무시간","알바생번호") values (to_date('23/05/18','RR/MM/DD'),to_timestamp('23/05/18 13:35:00.000000000','RR/MM/DD HH24:MI:SSXFF'),to_timestamp('23/05/18 20:12:00.000000000','RR/MM/DD HH24:MI:SSXFF'),6.63,'00000003');
Insert into WORKRECORD ("근무날짜","출근시간","퇴근시간","총근무시간","알바생번호") values (to_date('23/05/18','RR/MM/DD'),to_timestamp('23/05/18 13:35:00.000000000','RR/MM/DD HH24:MI:SSXFF'),to_timestamp('23/05/18 20:12:00.000000000','RR/MM/DD HH24:MI:SSXFF'),6.63,'00000006');
Insert into WORKRECORD ("근무날짜","출근시간","퇴근시간","총근무시간","알바생번호") values (to_date('23/05/19','RR/MM/DD'),to_timestamp('23/05/19 21:49:00.000000000','RR/MM/DD HH24:MI:SSXFF'),to_timestamp('23/05/20 04:46:00.000000000','RR/MM/DD HH24:MI:SSXFF'),6.95,'00000047');
Insert into WORKRECORD ("근무날짜","출근시간","퇴근시간","총근무시간","알바생번호") values (to_date('23/05/19','RR/MM/DD'),to_timestamp('23/05/19 21:49:00.000000000','RR/MM/DD HH24:MI:SSXFF'),to_timestamp('23/05/20 04:46:00.000000000','RR/MM/DD HH24:MI:SSXFF'),6.95,'00000004');
Insert into WORKRECORD ("근무날짜","출근시간","퇴근시간","총근무시간","알바생번호") values (to_date('23/05/20','RR/MM/DD'),to_timestamp('23/05/20 00:04:00.000000000','RR/MM/DD HH24:MI:SSXFF'),to_timestamp('23/05/20 04:14:00.000000000','RR/MM/DD HH24:MI:SSXFF'),4.17,'00000039');
Insert into WORKRECORD ("근무날짜","출근시간","퇴근시간","총근무시간","알바생번호") values (to_date('23/05/20','RR/MM/DD'),to_timestamp('23/05/20 00:04:00.000000000','RR/MM/DD HH24:MI:SSXFF'),to_timestamp('23/05/20 04:14:00.000000000','RR/MM/DD HH24:MI:SSXFF'),4.17,'00000040');
Insert into WORKRECORD ("근무날짜","출근시간","퇴근시간","총근무시간","알바생번호") values (to_date('23/05/21','RR/MM/DD'),to_timestamp('23/05/21 00:33:00.000000000','RR/MM/DD HH24:MI:SSXFF'),to_timestamp('23/05/21 06:32:00.000000000','RR/MM/DD HH24:MI:SSXFF'),5.99,'00000015');
Insert into WORKRECORD ("근무날짜","출근시간","퇴근시간","총근무시간","알바생번호") values (to_date('23/05/21','RR/MM/DD'),to_timestamp('23/05/21 00:33:00.000000000','RR/MM/DD HH24:MI:SSXFF'),to_timestamp('23/05/21 06:32:00.000000000','RR/MM/DD HH24:MI:SSXFF'),5.99,'00000037');
Insert into WORKRECORD ("근무날짜","출근시간","퇴근시간","총근무시간","알바생번호") values (to_date('23/05/22','RR/MM/DD'),to_timestamp('23/05/22 16:49:00.000000000','RR/MM/DD HH24:MI:SSXFF'),to_timestamp('23/05/22 23:15:00.000000000','RR/MM/DD HH24:MI:SSXFF'),6.44,'00000010');
Insert into WORKRECORD ("근무날짜","출근시간","퇴근시간","총근무시간","알바생번호") values (to_date('23/05/22','RR/MM/DD'),to_timestamp('23/05/22 16:49:00.000000000','RR/MM/DD HH24:MI:SSXFF'),to_timestamp('23/05/22 23:15:00.000000000','RR/MM/DD HH24:MI:SSXFF'),6.44,'00000028');
Insert into WORKRECORD ("근무날짜","출근시간","퇴근시간","총근무시간","알바생번호") values (to_date('23/05/23','RR/MM/DD'),to_timestamp('23/05/23 20:36:00.000000000','RR/MM/DD HH24:MI:SSXFF'),to_timestamp('23/05/24 02:09:00.000000000','RR/MM/DD HH24:MI:SSXFF'),5.56,'00000049');
Insert into WORKRECORD ("근무날짜","출근시간","퇴근시간","총근무시간","알바생번호") values (to_date('23/05/23','RR/MM/DD'),to_timestamp('23/05/23 20:36:00.000000000','RR/MM/DD HH24:MI:SSXFF'),to_timestamp('23/05/24 02:09:00.000000000','RR/MM/DD HH24:MI:SSXFF'),5.56,'00000034');
Insert into WORKRECORD ("근무날짜","출근시간","퇴근시간","총근무시간","알바생번호") values (to_date('23/05/24','RR/MM/DD'),to_timestamp('23/05/24 23:49:00.000000000','RR/MM/DD HH24:MI:SSXFF'),to_timestamp('23/05/25 04:54:00.000000000','RR/MM/DD HH24:MI:SSXFF'),5.09,'00000047');
Insert into WORKRECORD ("근무날짜","출근시간","퇴근시간","총근무시간","알바생번호") values (to_date('23/05/24','RR/MM/DD'),to_timestamp('23/05/24 23:49:00.000000000','RR/MM/DD HH24:MI:SSXFF'),to_timestamp('23/05/25 04:54:00.000000000','RR/MM/DD HH24:MI:SSXFF'),5.09,'00000013');
Insert into WORKRECORD ("근무날짜","출근시간","퇴근시간","총근무시간","알바생번호") values (to_date('23/05/25','RR/MM/DD'),to_timestamp('23/05/25 18:59:00.000000000','RR/MM/DD HH24:MI:SSXFF'),to_timestamp('23/05/26 00:44:00.000000000','RR/MM/DD HH24:MI:SSXFF'),5.76,'00000024');
Insert into WORKRECORD ("근무날짜","출근시간","퇴근시간","총근무시간","알바생번호") values (to_date('23/05/25','RR/MM/DD'),to_timestamp('23/05/25 18:59:00.000000000','RR/MM/DD HH24:MI:SSXFF'),to_timestamp('23/05/26 00:44:00.000000000','RR/MM/DD HH24:MI:SSXFF'),5.76,'00000012');
Insert into WORKRECORD ("근무날짜","출근시간","퇴근시간","총근무시간","알바생번호") values (to_date('23/05/26','RR/MM/DD'),to_timestamp('23/05/26 16:46:00.000000000','RR/MM/DD HH24:MI:SSXFF'),to_timestamp('23/05/27 00:20:00.000000000','RR/MM/DD HH24:MI:SSXFF'),7.58,'00000006');
Insert into WORKRECORD ("근무날짜","출근시간","퇴근시간","총근무시간","알바생번호") values (to_date('23/05/26','RR/MM/DD'),to_timestamp('23/05/26 16:46:00.000000000','RR/MM/DD HH24:MI:SSXFF'),to_timestamp('23/05/27 00:20:00.000000000','RR/MM/DD HH24:MI:SSXFF'),7.58,'00000042');
Insert into WORKRECORD ("근무날짜","출근시간","퇴근시간","총근무시간","알바생번호") values (to_date('23/05/27','RR/MM/DD'),to_timestamp('23/05/27 12:02:00.000000000','RR/MM/DD HH24:MI:SSXFF'),to_timestamp('23/05/27 18:40:00.000000000','RR/MM/DD HH24:MI:SSXFF'),6.64,'00000022');
Insert into WORKRECORD ("근무날짜","출근시간","퇴근시간","총근무시간","알바생번호") values (to_date('23/05/27','RR/MM/DD'),to_timestamp('23/05/27 12:02:00.000000000','RR/MM/DD HH24:MI:SSXFF'),to_timestamp('23/05/27 18:40:00.000000000','RR/MM/DD HH24:MI:SSXFF'),6.64,'00000016');
Insert into WORKRECORD ("근무날짜","출근시간","퇴근시간","총근무시간","알바생번호") values (to_date('23/05/28','RR/MM/DD'),to_timestamp('23/05/28 11:11:00.000000000','RR/MM/DD HH24:MI:SSXFF'),to_timestamp('23/05/28 18:09:00.000000000','RR/MM/DD HH24:MI:SSXFF'),6.97,'00000030');
Insert into WORKRECORD ("근무날짜","출근시간","퇴근시간","총근무시간","알바생번호") values (to_date('23/05/28','RR/MM/DD'),to_timestamp('23/05/28 11:11:00.000000000','RR/MM/DD HH24:MI:SSXFF'),to_timestamp('23/05/28 18:09:00.000000000','RR/MM/DD HH24:MI:SSXFF'),6.97,'00000046');
Insert into WORKRECORD ("근무날짜","출근시간","퇴근시간","총근무시간","알바생번호") values (to_date('23/05/29','RR/MM/DD'),to_timestamp('23/05/29 19:23:00.000000000','RR/MM/DD HH24:MI:SSXFF'),to_timestamp('23/05/30 01:15:00.000000000','RR/MM/DD HH24:MI:SSXFF'),5.87,'00000026');
Insert into WORKRECORD ("근무날짜","출근시간","퇴근시간","총근무시간","알바생번호") values (to_date('23/05/29','RR/MM/DD'),to_timestamp('23/05/29 19:23:00.000000000','RR/MM/DD HH24:MI:SSXFF'),to_timestamp('23/05/30 01:15:00.000000000','RR/MM/DD HH24:MI:SSXFF'),5.87,'00000020');
Insert into WORKRECORD ("근무날짜","출근시간","퇴근시간","총근무시간","알바생번호") values (to_date('23/05/30','RR/MM/DD'),to_timestamp('23/05/30 10:49:00.000000000','RR/MM/DD HH24:MI:SSXFF'),to_timestamp('23/05/30 18:05:00.000000000','RR/MM/DD HH24:MI:SSXFF'),7.27,'00000003');
Insert into WORKRECORD ("근무날짜","출근시간","퇴근시간","총근무시간","알바생번호") values (to_date('23/05/30','RR/MM/DD'),to_timestamp('23/05/30 10:49:00.000000000','RR/MM/DD HH24:MI:SSXFF'),to_timestamp('23/05/30 18:05:00.000000000','RR/MM/DD HH24:MI:SSXFF'),7.27,'00000011');
Insert into WORKRECORD ("근무날짜","출근시간","퇴근시간","총근무시간","알바생번호") values (to_date('23/06/07','RR/MM/DD'),to_timestamp('23/06/07 07:00:00.000000000','RR/MM/DD HH24:MI:SSXFF'),to_timestamp('23/06/07 23:00:00.000000000','RR/MM/DD HH24:MI:SSXFF'),16,'00000002');
Insert into WORKRECORD ("근무날짜","출근시간","퇴근시간","총근무시간","알바생번호") values (to_date('23/07/01','RR/MM/DD'),to_timestamp('23/07/01 07:00:00.000000000','RR/MM/DD HH24:MI:SSXFF'),to_timestamp('23/07/01 23:00:00.000000000','RR/MM/DD HH24:MI:SSXFF'),16,'00000007');

--------------------------------------------------------
--  Constraints for Table MANAGER
--------------------------------------------------------

  ALTER TABLE "MANAGER" MODIFY ("관리자번호" NOT NULL ENABLE);
  ALTER TABLE "MANAGER" MODIFY ("이름" NOT NULL ENABLE);
  ALTER TABLE "MANAGER" MODIFY ("전화번호" NOT NULL ENABLE);
  ALTER TABLE "MANAGER" MODIFY ("주소" NOT NULL ENABLE);
  ALTER TABLE "MANAGER" ADD PRIMARY KEY ("관리자번호");
--------------------------------------------------------
--  Constraints for Table PARTTIMER
--------------------------------------------------------

  ALTER TABLE "PARTTIMER" MODIFY ("알바생번호" NOT NULL ENABLE);
  ALTER TABLE "PARTTIMER" MODIFY ("이름" NOT NULL ENABLE);
  ALTER TABLE "PARTTIMER" MODIFY ("전화번호" NOT NULL ENABLE);
  ALTER TABLE "PARTTIMER" MODIFY ("주소" NOT NULL ENABLE);
  ALTER TABLE "PARTTIMER" ADD PRIMARY KEY ("알바생번호");
  
--------------------------------------------------------
--  Constraints for Table ROOM
--------------------------------------------------------

  ALTER TABLE "ROOM" MODIFY ("지점코드" NOT NULL ENABLE);
  ALTER TABLE "ROOM" MODIFY ("호실번호" NOT NULL ENABLE);
  ALTER TABLE "ROOM" ADD CONSTRAINT "ROOM_PK" PRIMARY KEY ("지점코드", "호실번호");
 
--------------------------------------------------------
--  Constraints for Table SALARY
--------------------------------------------------------

  ALTER TABLE "SALARY" MODIFY ("급여일자" NOT NULL ENABLE);
  ALTER TABLE "SALARY" MODIFY ("알바생번호" NOT NULL ENABLE);
  ALTER TABLE "SALARY" MODIFY ("지급여부" NOT NULL ENABLE);
  ALTER TABLE "SALARY" ADD CONSTRAINT "SALARY_PK" PRIMARY KEY ("급여일자", "알바생번호");
  
--------------------------------------------------------
--  Constraints for Table WORKRECORD
--------------------------------------------------------

  ALTER TABLE "WORKRECORD" MODIFY ("근무날짜" NOT NULL ENABLE);
  ALTER TABLE "WORKRECORD" MODIFY ("총근무시간" NOT NULL ENABLE);
  ALTER TABLE "WORKRECORD" MODIFY ("알바생번호" NOT NULL ENABLE);
  ALTER TABLE "WORKRECORD" ADD CONSTRAINT "WORKRECORD_PK" PRIMARY KEY ("근무날짜", "알바생번호");
  
--------------------------------------------------------
--  Ref Constraints for Table ASSIGNMENT
--------------------------------------------------------

  ALTER TABLE "ASSIGNMENT" ADD FOREIGN KEY ("알바생번호")
	  REFERENCES "PARTTIMER" ("알바생번호") ENABLE;
  ALTER TABLE "ASSIGNMENT" ADD FOREIGN KEY ("지점코드", "호실번호")
	  REFERENCES "ROOM" ("지점코드", "호실번호") ENABLE;
--------------------------------------------------------
--  Ref Constraints for Table BRANCH
--------------------------------------------------------

  ALTER TABLE "BRANCH" ADD CONSTRAINT "MANAGER_FK" FOREIGN KEY ("관리자번호")
	  REFERENCES "MANAGER" ("관리자번호") ENABLE;
--------------------------------------------------------
--  Ref Constraints for Table PARTTIMER
--------------------------------------------------------

  ALTER TABLE "PARTTIMER" ADD FOREIGN KEY ("멘토알바생번호")
	  REFERENCES "PARTTIMER" ("알바생번호") ENABLE;
--------------------------------------------------------
--  Ref Constraints for Table SALARY
--------------------------------------------------------

  ALTER TABLE "SALARY" ADD FOREIGN KEY ("알바생번호")
	  REFERENCES "PARTTIMER" ("알바생번호") ENABLE;
--------------------------------------------------------
--  Ref Constraints for Table WORKRECORD
--------------------------------------------------------

  ALTER TABLE "WORKRECORD" ADD FOREIGN KEY ("알바생번호")
	  REFERENCES "PARTTIMER" ("알바생번호") ENABLE;
